2026-09-18 16:29:41,053 | ERROR | dart_vader | Dart Vader stopped unexpectedly.
Traceback (most recent call last):
  File "C:\Users\jenks\Documents\Dart Vader\bot.py", line 176, in main
    await bot.start(settings.discord_token)
  File "C:\Users\jenks\Documents\Dart Vader\venv\Lib\site-packages\discord\client.py", line 850, in start
    await self.login(token)
  File "C:\Users\jenks\Documents\Dart Vader\venv\Lib\site-packages\discord\client.py", line 693, in login
    await self.setup_hook()
  File "C:\Users\jenks\Documents\Dart Vader\bot.py", line 58, in setup_hook
    await self.database.initialise()
  File "C:\Users\jenks\Documents\Dart Vader\services\database_service.py", line 34, in initialise
    await self.connection.execute("""
    ...<3 lines>...
    )
  File "C:\Users\jenks\Documents\Dart Vader\venv\Lib\site-packages\aiosqlite\core.py", line 223, in execute
    cursor = await self._execute(self._conn.execute, sql, parameters)
             ^^^^^^^^^^^^^^^^^^^^^^^^^^^^^^^^^^^^^^^^^^^^^^^^^^^^^^^^
  File "C:\Users\jenks\Documents\Dart Vader\venv\Lib\site-packages\aiosqlite\core.py", line 160, in _execute
    return await future
           ^^^^^^^^^^^^
  File "C:\Users\jenks\Documents\Dart Vader\venv\Lib\site-packages\aiosqlite\core.py", line 63, in _connection_worker_thread
    result = function()
sqlite3.OperationalError: no such table: main.event_signups
2026-09-18 16:29:41,058 | INFO | dart_vader | Dart Vader has shut down.
2026-09-18 16:32:12,995 | ERROR | dart_vader | Dart Vader stopped unexpectedly.
Traceback (most recent call last):
  File "C:\Users\jenks\Documents\Dart Vader\bot.py", line 176, in main
    await bot.start(settings.discord_token)
  File "C:\Users\jenks\Documents\Dart Vader\venv\Lib\site-packages\discord\client.py", line 850, in start
    await self.login(token)
  File "C:\Users\jenks\Documents\Dart Vader\venv\Lib\site-packages\discord\client.py", line 693, in login
    await self.setup_hook()
  File "C:\Users\jenks\Documents\Dart Vader\bot.py", line 58, in setup_hook
    await self.database.initialise()
  File "C:\Users\jenks\Documents\Dart Vader\services\database_service.py", line 34, in initialise
    await self.connection.execute("""
    ...<3 lines>...
    )
  File "C:\Users\jenks\Documents\Dart Vader\venv\Lib\site-packages\aiosqlite\core.py", line 223, in execute
    cursor = await self._execute(self._conn.execute, sql, parameters)
             ^^^^^^^^^^^^^^^^^^^^^^^^^^^^^^^^^^^^^^^^^^^^^^^^^^^^^^^^
  File "C:\Users\jenks\Documents\Dart Vader\venv\Lib\site-packages\aiosqlite\core.py", line 160, in _execute
    return await future
           ^^^^^^^^^^^^
  File "C:\Users\jenks\Documents\Dart Vader\venv\Lib\site-packages\aiosqlite\core.py", line 63, in _connection_worker_thread
    result = function()
sqlite3.OperationalError: no such table: main.event_signups
2026-09-18 16:32:12,999 | INFO | dart_vader | Dart Vader has shut down.
2026-09-18 16:32:18,980 | INFO | dart_vader | Loaded extension: cogs.general
2026-09-18 16:32:19,014 | INFO | dart_vader | Loaded extension: cogs.admin
2026-09-18 16:32:19,035 | INFO | dart_vader | Loaded extension: cogs.members
2026-09-18 16:32:19,178 | ERROR | dart_vader | Failed to load extension: cogs.events
Traceback (most recent call last):
  File "C:\Users\jenks\AppData\Local\Programs\Python\Python314\Lib\zoneinfo\_common.py", line 12, in load_tzdata
    path = resources.files(package_name).joinpath(resource_name)
           ~~~~~~~~~~~~~~~^^^^^^^^^^^^^^
  File "C:\Users\jenks\AppData\Local\Programs\Python\Python314\Lib\importlib\resources\_common.py", line 46, in wrapper
    return func(anchor)
  File "C:\Users\jenks\AppData\Local\Programs\Python\Python314\Lib\importlib\resources\_common.py", line 56, in files
    return from_package(resolve(anchor))
                        ~~~~~~~^^^^^^^^
  File "C:\Users\jenks\AppData\Local\Programs\Python\Python314\Lib\functools.py", line 982, in wrapper
    return dispatch(args[0].__class__)(*args, **kw)
           ~~~~~~~~~~~~~~~~~~~~~~~~~~~^^^^^^^^^^^^^
  File "C:\Users\jenks\AppData\Local\Programs\Python\Python314\Lib\importlib\resources\_common.py", line 82, in _
    return importlib.import_module(cand)
           ~~~~~~~~~~~~~~~~~~~~~~~^^^^^^
  File "C:\Users\jenks\AppData\Local\Programs\Python\Python314\Lib\importlib\__init__.py", line 88, in import_module
    return _bootstrap._gcd_import(name[level:], package, level)
           ~~~~~~~~~~~~~~~~~~~~~~^^^^^^^^^^^^^^^^^^^^^^^^^^^^^^
  File "<frozen importlib._bootstrap>", line 1406, in _gcd_import
  File "<frozen importlib._bootstrap>", line 1371, in _find_and_load
  File "<frozen importlib._bootstrap>", line 1314, in _find_and_load_unlocked
  File "<frozen importlib._bootstrap>", line 491, in _call_with_frames_removed
  File "<frozen importlib._bootstrap>", line 1406, in _gcd_import
  File "<frozen importlib._bootstrap>", line 1371, in _find_and_load
  File "<frozen importlib._bootstrap>", line 1314, in _find_and_load_unlocked
  File "<frozen importlib._bootstrap>", line 491, in _call_with_frames_removed
  File "<frozen importlib._bootstrap>", line 1406, in _gcd_import
  File "<frozen importlib._bootstrap>", line 1371, in _find_and_load
  File "<frozen importlib._bootstrap>", line 1335, in _find_and_load_unlocked
ModuleNotFoundError: No module named 'tzdata'

During handling of the above exception, another exception occurred:

Traceback (most recent call last):
  File "C:\Users\jenks\Documents\Dart Vader\venv\Lib\site-packages\discord\ext\commands\bot.py", line 962, in _load_from_module_spec
    spec.loader.exec_module(lib)  # type: ignore
    ~~~~~~~~~~~~~~~~~~~~~~~^^^^^
  File "<frozen importlib._bootstrap_external>", line 759, in exec_module
  File "<frozen importlib._bootstrap>", line 491, in _call_with_frames_removed
  File "C:\Users\jenks\Documents\Dart Vader\cogs\events.py", line 6, in <module>
    from utils.datetime_parser import parse_event_datetime
  File "C:\Users\jenks\Documents\Dart Vader\utils\datetime_parser.py", line 5, in <module>
    UK_TIMEZONE = ZoneInfo("Europe/London")
  File "C:\Users\jenks\AppData\Local\Programs\Python\Python314\Lib\zoneinfo\_common.py", line 29, in load_tzdata
    raise ZoneInfoNotFoundError(f"No time zone found with key {key}")
zoneinfo._common.ZoneInfoNotFoundError: 'No time zone found with key Europe/London'

The above exception was the direct cause of the following exception:

Traceback (most recent call last):
  File "C:\Users\jenks\Documents\Dart Vader\bot.py", line 83, in setup_hook
    await self.load_extension(extension)
  File "C:\Users\jenks\Documents\Dart Vader\venv\Lib\site-packages\discord\ext\commands\bot.py", line 1040, in load_extension
    await self._load_from_module_spec(spec, name)
  File "C:\Users\jenks\Documents\Dart Vader\venv\Lib\site-packages\discord\ext\commands\bot.py", line 965, in _load_from_module_spec
    raise errors.ExtensionFailed(key, e) from e
discord.ext.commands.errors.ExtensionFailed: Extension 'cogs.events' raised an error: ZoneInfoNotFoundError: 'No time zone found with key Europe/London'
2026-09-18 16:32:19,227 | ERROR | dart_vader | Dart Vader stopped unexpectedly.
Traceback (most recent call last):
  File "C:\Users\jenks\AppData\Local\Programs\Python\Python314\Lib\zoneinfo\_common.py", line 12, in load_tzdata
    path = resources.files(package_name).joinpath(resource_name)
           ~~~~~~~~~~~~~~~^^^^^^^^^^^^^^
  File "C:\Users\jenks\AppData\Local\Programs\Python\Python314\Lib\importlib\resources\_common.py", line 46, in wrapper
    return func(anchor)
  File "C:\Users\jenks\AppData\Local\Programs\Python\Python314\Lib\importlib\resources\_common.py", line 56, in files
    return from_package(resolve(anchor))
                        ~~~~~~~^^^^^^^^
  File "C:\Users\jenks\AppData\Local\Programs\Python\Python314\Lib\functools.py", line 982, in wrapper
    return dispatch(args[0].__class__)(*args, **kw)
           ~~~~~~~~~~~~~~~~~~~~~~~~~~~^^^^^^^^^^^^^
  File "C:\Users\jenks\AppData\Local\Programs\Python\Python314\Lib\importlib\resources\_common.py", line 82, in _
    return importlib.import_module(cand)
           ~~~~~~~~~~~~~~~~~~~~~~~^^^^^^
  File "C:\Users\jenks\AppData\Local\Programs\Python\Python314\Lib\importlib\__init__.py", line 88, in import_module
    return _bootstrap._gcd_import(name[level:], package, level)
           ~~~~~~~~~~~~~~~~~~~~~~^^^^^^^^^^^^^^^^^^^^^^^^^^^^^^
  File "<frozen importlib._bootstrap>", line 1406, in _gcd_import
  File "<frozen importlib._bootstrap>", line 1371, in _find_and_load
  File "<frozen importlib._bootstrap>", line 1314, in _find_and_load_unlocked
  File "<frozen importlib._bootstrap>", line 491, in _call_with_frames_removed
  File "<frozen importlib._bootstrap>", line 1406, in _gcd_import
  File "<frozen importlib._bootstrap>", line 1371, in _find_and_load
  File "<frozen importlib._bootstrap>", line 1314, in _find_and_load_unlocked
  File "<frozen importlib._bootstrap>", line 491, in _call_with_frames_removed
  File "<frozen importlib._bootstrap>", line 1406, in _gcd_import
  File "<frozen importlib._bootstrap>", line 1371, in _find_and_load
  File "<frozen importlib._bootstrap>", line 1335, in _find_and_load_unlocked
ModuleNotFoundError: No module named 'tzdata'

During handling of the above exception, another exception occurred:

Traceback (most recent call last):
  File "C:\Users\jenks\Documents\Dart Vader\venv\Lib\site-packages\discord\ext\commands\bot.py", line 962, in _load_from_module_spec
    spec.loader.exec_module(lib)  # type: ignore
    ~~~~~~~~~~~~~~~~~~~~~~~^^^^^
  File "<frozen importlib._bootstrap_external>", line 759, in exec_module
  File "<frozen importlib._bootstrap>", line 491, in _call_with_frames_removed
  File "C:\Users\jenks\Documents\Dart Vader\cogs\events.py", line 6, in <module>
    from utils.datetime_parser import parse_event_datetime
  File "C:\Users\jenks\Documents\Dart Vader\utils\datetime_parser.py", line 5, in <module>
    UK_TIMEZONE = ZoneInfo("Europe/London")
  File "C:\Users\jenks\AppData\Local\Programs\Python\Python314\Lib\zoneinfo\_common.py", line 29, in load_tzdata
    raise ZoneInfoNotFoundError(f"No time zone found with key {key}")
zoneinfo._common.ZoneInfoNotFoundError: 'No time zone found with key Europe/London'

The above exception was the direct cause of the following exception:

Traceback (most recent call last):
  File "C:\Users\jenks\Documents\Dart Vader\bot.py", line 176, in main
    await bot.start(settings.discord_token)
  File "C:\Users\jenks\Documents\Dart Vader\venv\Lib\site-packages\discord\client.py", line 850, in start
    await self.login(token)
  File "C:\Users\jenks\Documents\Dart Vader\venv\Lib\site-packages\discord\client.py", line 693, in login
    await self.setup_hook()
  File "C:\Users\jenks\Documents\Dart Vader\bot.py", line 83, in setup_hook
    await self.load_extension(extension)
  File "C:\Users\jenks\Documents\Dart Vader\venv\Lib\site-packages\discord\ext\commands\bot.py", line 1040, in load_extension
    await self._load_from_module_spec(spec, name)
  File "C:\Users\jenks\Documents\Dart Vader\venv\Lib\site-packages\discord\ext\commands\bot.py", line 965, in _load_from_module_spec
    raise errors.ExtensionFailed(key, e) from e
discord.ext.commands.errors.ExtensionFailed: Extension 'cogs.events' raised an error: ZoneInfoNotFoundError: 'No time zone found with key Europe/London'
2026-09-18 16:32:19,233 | INFO | dart_vader | Dart Vader has shut down.
2026-09-18 16:32:58,695 | INFO | dart_vader | Loaded extension: cogs.general
2026-09-18 16:32:58,699 | INFO | dart_vader | Loaded extension: cogs.admin
2026-09-18 16:32:58,704 | INFO | dart_vader | Loaded extension: cogs.members
2026-09-18 16:32:58,717 | ERROR | dart_vader | Failed to load extension: cogs.events
Traceback (most recent call last):
  File "C:\Users\jenks\AppData\Local\Programs\Python\Python314\Lib\zoneinfo\_common.py", line 12, in load_tzdata
    path = resources.files(package_name).joinpath(resource_name)
           ~~~~~~~~~~~~~~~^^^^^^^^^^^^^^
  File "C:\Users\jenks\AppData\Local\Programs\Python\Python314\Lib\importlib\resources\_common.py", line 46, in wrapper
    return func(anchor)
  File "C:\Users\jenks\AppData\Local\Programs\Python\Python314\Lib\importlib\resources\_common.py", line 56, in files
    return from_package(resolve(anchor))
                        ~~~~~~~^^^^^^^^
  File "C:\Users\jenks\AppData\Local\Programs\Python\Python314\Lib\functools.py", line 982, in wrapper
    return dispatch(args[0].__class__)(*args, **kw)
           ~~~~~~~~~~~~~~~~~~~~~~~~~~~^^^^^^^^^^^^^
  File "C:\Users\jenks\AppData\Local\Programs\Python\Python314\Lib\importlib\resources\_common.py", line 82, in _
    return importlib.import_module(cand)
           ~~~~~~~~~~~~~~~~~~~~~~~^^^^^^
  File "C:\Users\jenks\AppData\Local\Programs\Python\Python314\Lib\importlib\__init__.py", line 88, in import_module
    return _bootstrap._gcd_import(name[level:], package, level)
           ~~~~~~~~~~~~~~~~~~~~~~^^^^^^^^^^^^^^^^^^^^^^^^^^^^^^
  File "<frozen importlib._bootstrap>", line 1406, in _gcd_import
  File "<frozen importlib._bootstrap>", line 1371, in _find_and_load
  File "<frozen importlib._bootstrap>", line 1314, in _find_and_load_unlocked
  File "<frozen importlib._bootstrap>", line 491, in _call_with_frames_removed
  File "<frozen importlib._bootstrap>", line 1406, in _gcd_import
  File "<frozen importlib._bootstrap>", line 1371, in _find_and_load
  File "<frozen importlib._bootstrap>", line 1314, in _find_and_load_unlocked
  File "<frozen importlib._bootstrap>", line 491, in _call_with_frames_removed
  File "<frozen importlib._bootstrap>", line 1406, in _gcd_import
  File "<frozen importlib._bootstrap>", line 1371, in _find_and_load
  File "<frozen importlib._bootstrap>", line 1335, in _find_and_load_unlocked
ModuleNotFoundError: No module named 'tzdata'

During handling of the above exception, another exception occurred:

Traceback (most recent call last):
  File "C:\Users\jenks\Documents\Dart Vader\venv\Lib\site-packages\discord\ext\commands\bot.py", line 962, in _load_from_module_spec
    spec.loader.exec_module(lib)  # type: ignore
    ~~~~~~~~~~~~~~~~~~~~~~~^^^^^
  File "<frozen importlib._bootstrap_external>", line 759, in exec_module
  File "<frozen importlib._bootstrap>", line 491, in _call_with_frames_removed
  File "C:\Users\jenks\Documents\Dart Vader\cogs\events.py", line 6, in <module>
    from utils.datetime_parser import parse_event_datetime
  File "C:\Users\jenks\Documents\Dart Vader\utils\datetime_parser.py", line 5, in <module>
    UK_TIMEZONE = ZoneInfo("Europe/London")
  File "C:\Users\jenks\AppData\Local\Programs\Python\Python314\Lib\zoneinfo\_common.py", line 29, in load_tzdata
    raise ZoneInfoNotFoundError(f"No time zone found with key {key}")
zoneinfo._common.ZoneInfoNotFoundError: 'No time zone found with key Europe/London'

The above exception was the direct cause of the following exception:

Traceback (most recent call last):
  File "C:\Users\jenks\Documents\Dart Vader\bot.py", line 83, in setup_hook
    await self.load_extension(extension)
  File "C:\Users\jenks\Documents\Dart Vader\venv\Lib\site-packages\discord\ext\commands\bot.py", line 1040, in load_extension
    await self._load_from_module_spec(spec, name)
  File "C:\Users\jenks\Documents\Dart Vader\venv\Lib\site-packages\discord\ext\commands\bot.py", line 965, in _load_from_module_spec
    raise errors.ExtensionFailed(key, e) from e
discord.ext.commands.errors.ExtensionFailed: Extension 'cogs.events' raised an error: ZoneInfoNotFoundError: 'No time zone found with key Europe/London'
2026-09-18 16:32:58,729 | ERROR | dart_vader | Dart Vader stopped unexpectedly.
Traceback (most recent call last):
  File "C:\Users\jenks\AppData\Local\Programs\Python\Python314\Lib\zoneinfo\_common.py", line 12, in load_tzdata
    path = resources.files(package_name).joinpath(resource_name)
           ~~~~~~~~~~~~~~~^^^^^^^^^^^^^^
  File "C:\Users\jenks\AppData\Local\Programs\Python\Python314\Lib\importlib\resources\_common.py", line 46, in wrapper
    return func(anchor)
  File "C:\Users\jenks\AppData\Local\Programs\Python\Python314\Lib\importlib\resources\_common.py", line 56, in files
    return from_package(resolve(anchor))
                        ~~~~~~~^^^^^^^^
  File "C:\Users\jenks\AppData\Local\Programs\Python\Python314\Lib\functools.py", line 982, in wrapper
    return dispatch(args[0].__class__)(*args, **kw)
           ~~~~~~~~~~~~~~~~~~~~~~~~~~~^^^^^^^^^^^^^
  File "C:\Users\jenks\AppData\Local\Programs\Python\Python314\Lib\importlib\resources\_common.py", line 82, in _
    return importlib.import_module(cand)
           ~~~~~~~~~~~~~~~~~~~~~~~^^^^^^
  File "C:\Users\jenks\AppData\Local\Programs\Python\Python314\Lib\importlib\__init__.py", line 88, in import_module
    return _bootstrap._gcd_import(name[level:], package, level)
           ~~~~~~~~~~~~~~~~~~~~~~^^^^^^^^^^^^^^^^^^^^^^^^^^^^^^
  File "<frozen importlib._bootstrap>", line 1406, in _gcd_import
  File "<frozen importlib._bootstrap>", line 1371, in _find_and_load
  File "<frozen importlib._bootstrap>", line 1314, in _find_and_load_unlocked
  File "<frozen importlib._bootstrap>", line 491, in _call_with_frames_removed
  File "<frozen importlib._bootstrap>", line 1406, in _gcd_import
  File "<frozen importlib._bootstrap>", line 1371, in _find_and_load
  File "<frozen importlib._bootstrap>", line 1314, in _find_and_load_unlocked
  File "<frozen importlib._bootstrap>", line 491, in _call_with_frames_removed
  File "<frozen importlib._bootstrap>", line 1406, in _gcd_import
  File "<frozen importlib._bootstrap>", line 1371, in _find_and_load
  File "<frozen importlib._bootstrap>", line 1335, in _find_and_load_unlocked
ModuleNotFoundError: No module named 'tzdata'

During handling of the above exception, another exception occurred:

Traceback (most recent call last):
  File "C:\Users\jenks\Documents\Dart Vader\venv\Lib\site-packages\discord\ext\commands\bot.py", line 962, in _load_from_module_spec
    spec.loader.exec_module(lib)  # type: ignore
    ~~~~~~~~~~~~~~~~~~~~~~~^^^^^
  File "<frozen importlib._bootstrap_external>", line 759, in exec_module
  File "<frozen importlib._bootstrap>", line 491, in _call_with_frames_removed
  File "C:\Users\jenks\Documents\Dart Vader\cogs\events.py", line 6, in <module>
    from utils.datetime_parser import parse_event_datetime
  File "C:\Users\jenks\Documents\Dart Vader\utils\datetime_parser.py", line 5, in <module>
    UK_TIMEZONE = ZoneInfo("Europe/London")
  File "C:\Users\jenks\AppData\Local\Programs\Python\Python314\Lib\zoneinfo\_common.py", line 29, in load_tzdata
    raise ZoneInfoNotFoundError(f"No time zone found with key {key}")
zoneinfo._common.ZoneInfoNotFoundError: 'No time zone found with key Europe/London'

The above exception was the direct cause of the following exception:

Traceback (most recent call last):
  File "C:\Users\jenks\Documents\Dart Vader\bot.py", line 176, in main
    await bot.start(settings.discord_token)
  File "C:\Users\jenks\Documents\Dart Vader\venv\Lib\site-packages\discord\client.py", line 850, in start
    await self.login(token)
  File "C:\Users\jenks\Documents\Dart Vader\venv\Lib\site-packages\discord\client.py", line 693, in login
    await self.setup_hook()
  File "C:\Users\jenks\Documents\Dart Vader\bot.py", line 83, in setup_hook
    await self.load_extension(extension)
  File "C:\Users\jenks\Documents\Dart Vader\venv\Lib\site-packages\discord\ext\commands\bot.py", line 1040, in load_extension
    await self._load_from_module_spec(spec, name)
  File "C:\Users\jenks\Documents\Dart Vader\venv\Lib\site-packages\discord\ext\commands\bot.py", line 965, in _load_from_module_spec
    raise errors.ExtensionFailed(key, e) from e
discord.ext.commands.errors.ExtensionFailed: Extension 'cogs.events' raised an error: ZoneInfoNotFoundError: 'No time zone found with key Europe/London'
2026-09-18 16:32:58,735 | INFO | dart_vader | Dart Vader has shut down.
2026-09-18 16:38:03,733 | INFO | dart_vader | Loaded extension: cogs.general
2026-09-18 16:38:03,738 | INFO | dart_vader | Loaded extension: cogs.admin
2026-09-18 16:38:03,741 | INFO | dart_vader | Loaded extension: cogs.members
2026-09-18 16:38:03,783 | INFO | dart_vader | Loaded extension: cogs.events
2026-09-18 16:38:04,112 | INFO | dart_vader | Synced command: /ping | application ID: 1525131195505971241
2026-09-18 16:38:04,112 | INFO | dart_vader | Synced command: /vader | application ID: 1525131195505971241
2026-09-18 16:38:04,112 | INFO | dart_vader | Synced command: /about | application ID: 1525131195505971241
2026-09-18 16:38:04,113 | INFO | dart_vader | Synced command: /shutdown | application ID: 1525131195505971241
2026-09-18 16:38:04,113 | INFO | dart_vader | Synced command: /register | application ID: 1525131195505971241
2026-09-18 16:38:04,113 | INFO | dart_vader | Synced command: /event-signups | application ID: 1525131195505971241
2026-09-18 16:38:04,113 | INFO | dart_vader | Synced command: /events | application ID: 1525131195505971241
2026-09-18 16:38:04,114 | INFO | dart_vader | Synced command: /create-event | application ID: 1525131195505971241
2026-09-18 16:38:04,114 | INFO | dart_vader | Synced command: /edit-event | application ID: 1525131195505971241
2026-09-18 16:38:04,114 | INFO | dart_vader | Synced command: /specific-event | application ID: 1525131195505971241
2026-09-18 16:38:04,114 | INFO | dart_vader | Synced command: /delete-event | application ID: 1525131195505971241
2026-09-18 16:38:04,115 | INFO | dart_vader | Synced command: /signup-event | application ID: 1525131195505971241
2026-09-18 16:38:04,115 | INFO | dart_vader | Synced command: /withdraw-event | application ID: 1525131195505971241
2026-09-18 16:38:04,115 | INFO | dart_vader | Synced command: /register-attendance | application ID: 1525131195505971241
2026-09-18 16:38:04,115 | INFO | dart_vader | Synced command: /announce-event | application ID: 1525131195505971241
2026-09-18 16:38:04,116 | INFO | dart_vader | Synced command: /remind-event | application ID: 1525131195505971241
2026-09-18 16:38:04,116 | INFO | dart_vader | Synchronised 16 commands to development guild 499335861289091073
2026-09-18 16:38:06,604 | INFO | dart_vader | Dart Vader is online as Dart Vader#1257 (1525131195505971241)
2026-09-18 16:39:07,968 | INFO | dart_vader | Ping command used by user 613851811543122037 in guild 499335861289091073
2026-09-18 16:39:07,969 | INFO | dart_vader | Received interaction: type=InteractionType.application_command name=ping user=613851811543122037 guild=499335861289091073
2026-09-18 16:40:48,135 | INFO | dart_vader | Received interaction: type=InteractionType.application_command name=events user=613851811543122037 guild=499335861289091073
2026-09-18 16:45:06,087 | INFO | dart_vader | Received interaction: type=InteractionType.application_command name=about user=613851811543122037 guild=1525132121843306547
2026-09-18 16:51:30,618 | INFO | dart_vader | Received interaction: type=InteractionType.application_command name=create-event user=613851811543122037 guild=499335861289091073
2026-09-18 16:51:53,224 | INFO | dart_vader | Received interaction: type=InteractionType.application_command name=create-event user=613851811543122037 guild=499335861289091073
2026-09-18 16:52:00,073 | INFO | dart_vader | Received interaction: type=InteractionType.application_command name=create-event user=613851811543122037 guild=499335861289091073
2026-09-18 16:52:06,028 | INFO | dart_vader | Received interaction: type=InteractionType.application_command name=events user=613851811543122037 guild=499335861289091073
2026-09-18 16:52:45,256 | INFO | dart_vader | Received interaction: type=InteractionType.application_command name=delete-event user=613851811543122037 guild=499335861289091073
2026-09-18 16:56:52,875 | INFO | dart_vader | Dart Vader has shut down.
2026-09-18 16:56:55,923 | INFO | dart_vader | Loaded extension: cogs.general
2026-09-18 16:56:55,930 | INFO | dart_vader | Loaded extension: cogs.admin
2026-09-18 16:56:55,933 | INFO | dart_vader | Loaded extension: cogs.members
2026-09-18 16:56:56,000 | INFO | dart_vader | Loaded extension: cogs.events
2026-09-18 16:56:56,192 | INFO | dart_vader | Synced command: /ping | application ID: 1525131195505971241
2026-09-18 16:56:56,192 | INFO | dart_vader | Synced command: /vader | application ID: 1525131195505971241
2026-09-18 16:56:56,193 | INFO | dart_vader | Synced command: /about | application ID: 1525131195505971241
2026-09-18 16:56:56,193 | INFO | dart_vader | Synced command: /shutdown | application ID: 1525131195505971241
2026-09-18 16:56:56,193 | INFO | dart_vader | Synced command: /register | application ID: 1525131195505971241
2026-09-18 16:56:56,193 | INFO | dart_vader | Synced command: /event-signups | application ID: 1525131195505971241
2026-09-18 16:56:56,193 | INFO | dart_vader | Synced command: /events | application ID: 1525131195505971241
2026-09-18 16:56:56,193 | INFO | dart_vader | Synced command: /create-event | application ID: 1525131195505971241
2026-09-18 16:56:56,194 | INFO | dart_vader | Synced command: /edit-event | application ID: 1525131195505971241
2026-09-18 16:56:56,194 | INFO | dart_vader | Synced command: /specific-event | application ID: 1525131195505971241
2026-09-18 16:56:56,194 | INFO | dart_vader | Synced command: /delete-event | application ID: 1525131195505971241
2026-09-18 16:56:56,194 | INFO | dart_vader | Synced command: /signup-event | application ID: 1525131195505971241
2026-09-18 16:56:56,194 | INFO | dart_vader | Synced command: /withdraw-event | application ID: 1525131195505971241
2026-09-18 16:56:56,194 | INFO | dart_vader | Synced command: /register-attendance | application ID: 1525131195505971241
2026-09-18 16:56:56,194 | INFO | dart_vader | Synced command: /announce-event | application ID: 1525131195505971241
2026-09-18 16:56:56,195 | INFO | dart_vader | Synced command: /remind-event | application ID: 1525131195505971241
2026-09-18 16:56:56,195 | INFO | dart_vader | Synchronised 16 commands to development guild 499335861289091073
2026-09-18 16:56:58,691 | INFO | dart_vader | Dart Vader is online as Dart Vader#1257 (1525131195505971241)
2026-09-18 16:57:37,936 | ERROR | dart_vader | Application command failed: TypeError("EventService.create_event() got an unexpected keyword argument 'event_id'")
Traceback (most recent call last):
  File "C:\Users\jenks\Documents\Dart Vader\venv\Lib\site-packages\discord\app_commands\commands.py", line 858, in _do_call
    return await self._callback(self.binding, interaction, **params)  # type: ignore
           ^^^^^^^^^^^^^^^^^^^^^^^^^^^^^^^^^^^^^^^^^^^^^^^^^^^^^^^^^
  File "C:\Users\jenks\Documents\Dart Vader\cogs\events.py", line 299, in create_event
    event = await self.event_service.create_event(
                  ~~~~~~~~~~~~~~~~~~~~~~~~~~~~~~~^
        guild_id=interaction.guild_id,
        ^^^^^^^^^^^^^^^^^^^^^^^^^^^^^^
    ...<8 lines>...
        created_by_discord_id=interaction.user.id,
        ^^^^^^^^^^^^^^^^^^^^^^^^^^^^^^^^^^^^^^^^^^
    )
    ^
TypeError: EventService.create_event() got an unexpected keyword argument 'event_id'
2026-09-18 16:57:37,938 | INFO | dart_vader | Received interaction: type=InteractionType.application_command name=create-event user=613851811543122037 guild=499335861289091073
2026-09-18 16:59:24,750 | INFO | dart_vader | Dart Vader has shut down.
2026-09-18 16:59:26,998 | INFO | dart_vader | Loaded extension: cogs.general
2026-09-18 16:59:27,002 | INFO | dart_vader | Loaded extension: cogs.admin
2026-09-18 16:59:27,007 | INFO | dart_vader | Loaded extension: cogs.members
2026-09-18 16:59:27,047 | INFO | dart_vader | Loaded extension: cogs.events
2026-09-18 16:59:27,289 | INFO | dart_vader | Synced command: /ping | application ID: 1525131195505971241
2026-09-18 16:59:27,290 | INFO | dart_vader | Synced command: /vader | application ID: 1525131195505971241
2026-09-18 16:59:27,290 | INFO | dart_vader | Synced command: /about | application ID: 1525131195505971241
2026-09-18 16:59:27,291 | INFO | dart_vader | Synced command: /shutdown | application ID: 1525131195505971241
2026-09-18 16:59:27,291 | INFO | dart_vader | Synced command: /register | application ID: 1525131195505971241
2026-09-18 16:59:27,291 | INFO | dart_vader | Synced command: /event-signups | application ID: 1525131195505971241
2026-09-18 16:59:27,292 | INFO | dart_vader | Synced command: /events | application ID: 1525131195505971241
2026-09-18 16:59:27,293 | INFO | dart_vader | Synced command: /create-event | application ID: 1525131195505971241
2026-09-18 16:59:27,293 | INFO | dart_vader | Synced command: /edit-event | application ID: 1525131195505971241
2026-09-18 16:59:27,293 | INFO | dart_vader | Synced command: /specific-event | application ID: 1525131195505971241
2026-09-18 16:59:27,294 | INFO | dart_vader | Synced command: /delete-event | application ID: 1525131195505971241
2026-09-18 16:59:27,295 | INFO | dart_vader | Synced command: /signup-event | application ID: 1525131195505971241
2026-09-18 16:59:27,296 | INFO | dart_vader | Synced command: /withdraw-event | application ID: 1525131195505971241
2026-09-18 16:59:27,296 | INFO | dart_vader | Synced command: /register-attendance | application ID: 1525131195505971241
2026-09-18 16:59:27,297 | INFO | dart_vader | Synced command: /announce-event | application ID: 1525131195505971241
2026-09-18 16:59:27,297 | INFO | dart_vader | Synced command: /remind-event | application ID: 1525131195505971241
2026-09-18 16:59:27,297 | INFO | dart_vader | Synchronised 16 commands to development guild 499335861289091073
2026-09-18 16:59:29,742 | INFO | dart_vader | Dart Vader is online as Dart Vader#1257 (1525131195505971241)
2026-09-18 16:59:36,695 | INFO | dart_vader | Received interaction: type=InteractionType.application_command name=delete-event user=613851811543122037 guild=499335861289091073
2026-09-18 16:59:46,440 | INFO | dart_vader | Received interaction: type=InteractionType.application_command name=delete-event user=613851811543122037 guild=499335861289091073
2026-09-18 17:00:31,290 | INFO | dart_vader | Received interaction: type=InteractionType.application_command name=create-event user=613851811543122037 guild=499335861289091073
2026-09-18 17:00:40,699 | INFO | dart_vader | Received interaction: type=InteractionType.application_command name=events user=613851811543122037 guild=499335861289091073
2026-09-19 11:09:51,160 | INFO | dart_vader | Dart Vader is online as Dart Vader#1257 (1525131195505971241)
2026-09-19 11:11:20,870 | INFO | dart_vader | Received interaction: type=InteractionType.application_command name=vader user=613851811543122037 guild=499335861289091073
2026-09-19 11:57:08,788 | INFO | dart_vader | Received interaction: type=InteractionType.application_command name=shutdown user=613851811543122037 guild=499335861289091073
2026-09-19 11:57:09,194 | INFO | dart_vader | Dart Vader has shut down.
2026-09-19 12:19:36,267 | INFO | dart_vader | Loaded extension: cogs.general
2026-09-19 12:19:36,271 | INFO | dart_vader | Loaded extension: cogs.admin
2026-09-19 12:19:36,274 | INFO | dart_vader | Loaded extension: cogs.members
2026-09-19 12:19:36,371 | INFO | dart_vader | Loaded extension: cogs.events
2026-09-19 12:19:36,559 | INFO | dart_vader | Synced command: /ping | application ID: 1525131195505971241
2026-09-19 12:19:36,561 | INFO | dart_vader | Synced command: /vader | application ID: 1525131195505971241
2026-09-19 12:19:36,561 | INFO | dart_vader | Synced command: /about | application ID: 1525131195505971241
2026-09-19 12:19:36,562 | INFO | dart_vader | Synced command: /shutdown | application ID: 1525131195505971241
2026-09-19 12:19:36,562 | INFO | dart_vader | Synced command: /register | application ID: 1525131195505971241
2026-09-19 12:19:36,562 | INFO | dart_vader | Synced command: /event-signups | application ID: 1525131195505971241
2026-09-19 12:19:36,562 | INFO | dart_vader | Synced command: /events | application ID: 1525131195505971241
2026-09-19 12:19:36,562 | INFO | dart_vader | Synced command: /create-event | application ID: 1525131195505971241
2026-09-19 12:19:36,563 | INFO | dart_vader | Synced command: /edit-event | application ID: 1525131195505971241
2026-09-19 12:19:36,563 | INFO | dart_vader | Synced command: /specific-event | application ID: 1525131195505971241
2026-09-19 12:19:36,563 | INFO | dart_vader | Synced command: /delete-event | application ID: 1525131195505971241
2026-09-19 12:19:36,563 | INFO | dart_vader | Synced command: /signup-event | application ID: 1525131195505971241
2026-09-19 12:19:36,564 | INFO | dart_vader | Synced command: /withdraw-event | application ID: 1525131195505971241
2026-09-19 12:19:36,564 | INFO | dart_vader | Synced command: /register-attendance | application ID: 1525131195505971241
2026-09-19 12:19:36,564 | INFO | dart_vader | Synced command: /announce-event | application ID: 1525131195505971241
2026-09-19 12:19:36,564 | INFO | dart_vader | Synced command: /remind-event | application ID: 1525131195505971241
2026-09-19 12:19:36,564 | INFO | dart_vader | Synchronised 16 commands to development guild 499335861289091073
2026-09-19 12:19:39,064 | INFO | dart_vader | Dart Vader is online as Dart Vader#1257 (1525131195505971241)
2026-09-19 12:20:03,270 | INFO | dart_vader | Received interaction: type=InteractionType.application_command name=events user=613851811543122037 guild=499335861289091073
2026-09-19 12:20:11,619 | INFO | dart_vader | Received interaction: type=InteractionType.application_command name=signup-event user=613851811543122037 guild=499335861289091073
2026-09-19 12:22:58,558 | INFO | dart_vader | Dart Vader has shut down.
2026-09-19 12:23:01,350 | INFO | dart_vader | Loaded extension: cogs.general
2026-09-19 12:23:01,355 | INFO | dart_vader | Loaded extension: cogs.admin
2026-09-19 12:23:01,359 | INFO | dart_vader | Loaded extension: cogs.members
2026-09-19 12:23:01,399 | INFO | dart_vader | Loaded extension: cogs.events
2026-09-19 12:23:01,592 | INFO | dart_vader | Synced command: /ping | application ID: 1525131195505971241
2026-09-19 12:23:01,592 | INFO | dart_vader | Synced command: /vader | application ID: 1525131195505971241
2026-09-19 12:23:01,592 | INFO | dart_vader | Synced command: /about | application ID: 1525131195505971241
2026-09-19 12:23:01,592 | INFO | dart_vader | Synced command: /shutdown | application ID: 1525131195505971241
2026-09-19 12:23:01,593 | INFO | dart_vader | Synced command: /register | application ID: 1525131195505971241
2026-09-19 12:23:01,593 | INFO | dart_vader | Synced command: /event-signups | application ID: 1525131195505971241
2026-09-19 12:23:01,593 | INFO | dart_vader | Synced command: /events | application ID: 1525131195505971241
2026-09-19 12:23:01,593 | INFO | dart_vader | Synced command: /create-event | application ID: 1525131195505971241
2026-09-19 12:23:01,594 | INFO | dart_vader | Synced command: /edit-event | application ID: 1525131195505971241
2026-09-19 12:23:01,594 | INFO | dart_vader | Synced command: /specific-event | application ID: 1525131195505971241
2026-09-19 12:23:01,594 | INFO | dart_vader | Synced command: /delete-event | application ID: 1525131195505971241
2026-09-19 12:23:01,594 | INFO | dart_vader | Synced command: /signup-event | application ID: 1525131195505971241
2026-09-19 12:23:01,594 | INFO | dart_vader | Synced command: /withdraw-event | application ID: 1525131195505971241
2026-09-19 12:23:01,594 | INFO | dart_vader | Synced command: /register-attendance | application ID: 1525131195505971241
2026-09-19 12:23:01,594 | INFO | dart_vader | Synced command: /announce-event | application ID: 1525131195505971241
2026-09-19 12:23:01,595 | INFO | dart_vader | Synced command: /remind-event | application ID: 1525131195505971241
2026-09-19 12:23:01,595 | INFO | dart_vader | Synchronised 16 commands to development guild 499335861289091073
2026-09-19 12:23:04,187 | INFO | dart_vader | Dart Vader is online as Dart Vader#1257 (1525131195505971241)
2026-09-19 12:23:14,273 | INFO | dart_vader | Received interaction: type=InteractionType.application_command name=events user=613851811543122037 guild=499335861289091073
2026-09-19 12:23:21,807 | INFO | dart_vader | Received interaction: type=InteractionType.application_command name=signup-event user=613851811543122037 guild=499335861289091073
2026-09-19 12:23:22,335 | ERROR | dart_vader | Application command failed: MissingRole('Role 1334849466951405640 is required to run this command.')
Traceback (most recent call last):
  File "C:\Users\jenks\Documents\Dart Vader\venv\Lib\site-packages\discord\app_commands\tree.py", line 1302, in _call
    await command._invoke_with_namespace(interaction, namespace)
  File "C:\Users\jenks\Documents\Dart Vader\venv\Lib\site-packages\discord\app_commands\commands.py", line 880, in _invoke_with_namespace
    if not await self._check_can_run(interaction):
           ^^^^^^^^^^^^^^^^^^^^^^^^^^^^^^^^^^^^^^
  File "C:\Users\jenks\Documents\Dart Vader\venv\Lib\site-packages\discord\app_commands\commands.py", line 1018, in _check_can_run
    return await async_all(f(interaction) for f in predicates)  # type: ignore
           ^^^^^^^^^^^^^^^^^^^^^^^^^^^^^^^^^^^^^^^^^^^^^^^^^^^
  File "C:\Users\jenks\Documents\Dart Vader\venv\Lib\site-packages\discord\utils.py", line 725, in async_all
    elem = await elem
           ^^^^^^^^^^
  File "C:\Users\jenks\Documents\Dart Vader\utils\checks.py", line 19, in predicate
    raise app_commands.MissingRole(role_id)
discord.app_commands.errors.MissingRole: Role 1334849466951405640 is required to run this command.
2026-09-19 12:24:33,318 | INFO | dart_vader | Received interaction: type=InteractionType.application_command name=signup-event user=613851811543122037 guild=499335861289091073
2026-09-19 12:29:42,588 | INFO | dart_vader | Dart Vader has shut down.
2026-09-19 12:29:44,982 | INFO | dart_vader | Loaded extension: cogs.general
2026-09-19 12:29:44,992 | INFO | dart_vader | Loaded extension: cogs.admin
2026-09-19 12:29:44,997 | INFO | dart_vader | Loaded extension: cogs.members
2026-09-19 12:29:45,043 | INFO | dart_vader | Loaded extension: cogs.events
2026-09-19 12:29:45,217 | INFO | dart_vader | Synced command: /ping | application ID: 1525131195505971241
2026-09-19 12:29:45,218 | INFO | dart_vader | Synced command: /vader | application ID: 1525131195505971241
2026-09-19 12:29:45,219 | INFO | dart_vader | Synced command: /about | application ID: 1525131195505971241
2026-09-19 12:29:45,220 | INFO | dart_vader | Synced command: /shutdown | application ID: 1525131195505971241
2026-09-19 12:29:45,220 | INFO | dart_vader | Synced command: /register | application ID: 1525131195505971241
2026-09-19 12:29:45,221 | INFO | dart_vader | Synced command: /event-signups | application ID: 1525131195505971241
2026-09-19 12:29:45,222 | INFO | dart_vader | Synced command: /events | application ID: 1525131195505971241
2026-09-19 12:29:45,223 | INFO | dart_vader | Synced command: /create-event | application ID: 1525131195505971241
2026-09-19 12:29:45,223 | INFO | dart_vader | Synced command: /edit-event | application ID: 1525131195505971241
2026-09-19 12:29:45,224 | INFO | dart_vader | Synced command: /specific-event | application ID: 1525131195505971241
2026-09-19 12:29:45,224 | INFO | dart_vader | Synced command: /delete-event | application ID: 1525131195505971241
2026-09-19 12:29:45,225 | INFO | dart_vader | Synced command: /signup-event | application ID: 1525131195505971241
2026-09-19 12:29:45,225 | INFO | dart_vader | Synced command: /withdraw-event | application ID: 1525131195505971241
2026-09-19 12:29:45,226 | INFO | dart_vader | Synced command: /register-attendance | application ID: 1525131195505971241
2026-09-19 12:29:45,227 | INFO | dart_vader | Synced command: /announce-event | application ID: 1525131195505971241
2026-09-19 12:29:45,228 | INFO | dart_vader | Synced command: /remind-event | application ID: 1525131195505971241
2026-09-19 12:29:45,228 | INFO | dart_vader | Synchronised 16 commands to development guild 499335861289091073
2026-09-19 12:29:47,908 | INFO | dart_vader | Dart Vader is online as Dart Vader#1257 (1525131195505971241)
2026-09-19 12:30:02,496 | INFO | dart_vader | Received interaction: type=InteractionType.application_command name=about user=613851811543122037 guild=499335861289091073
2026-09-19 12:30:46,315 | INFO | dart_vader | Dart Vader has shut down.
2026-09-19 12:30:48,556 | INFO | dart_vader | Loaded extension: cogs.general
2026-09-19 12:30:48,561 | INFO | dart_vader | Loaded extension: cogs.admin
2026-09-19 12:30:48,564 | INFO | dart_vader | Loaded extension: cogs.members
2026-09-19 12:30:48,602 | INFO | dart_vader | Loaded extension: cogs.events
2026-09-19 12:30:48,788 | INFO | dart_vader | Synced command: /ping | application ID: 1525131195505971241
2026-09-19 12:30:48,791 | INFO | dart_vader | Synced command: /vader | application ID: 1525131195505971241
2026-09-19 12:30:48,791 | INFO | dart_vader | Synced command: /about | application ID: 1525131195505971241
2026-09-19 12:30:48,792 | INFO | dart_vader | Synced command: /shutdown | application ID: 1525131195505971241
2026-09-19 12:30:48,793 | INFO | dart_vader | Synced command: /register | application ID: 1525131195505971241
2026-09-19 12:30:48,794 | INFO | dart_vader | Synced command: /event-signups | application ID: 1525131195505971241
2026-09-19 12:30:48,794 | INFO | dart_vader | Synced command: /events | application ID: 1525131195505971241
2026-09-19 12:30:48,795 | INFO | dart_vader | Synced command: /create-event | application ID: 1525131195505971241
2026-09-19 12:30:48,796 | INFO | dart_vader | Synced command: /edit-event | application ID: 1525131195505971241
2026-09-19 12:30:48,796 | INFO | dart_vader | Synced command: /specific-event | application ID: 1525131195505971241
2026-09-19 12:30:48,797 | INFO | dart_vader | Synced command: /delete-event | application ID: 1525131195505971241
2026-09-19 12:30:48,797 | INFO | dart_vader | Synced command: /signup-event | application ID: 1525131195505971241
2026-09-19 12:30:48,798 | INFO | dart_vader | Synced command: /withdraw-event | application ID: 1525131195505971241
2026-09-19 12:30:48,798 | INFO | dart_vader | Synced command: /register-attendance | application ID: 1525131195505971241
2026-09-19 12:30:48,799 | INFO | dart_vader | Synced command: /announce-event | application ID: 1525131195505971241
2026-09-19 12:30:48,799 | INFO | dart_vader | Synced command: /remind-event | application ID: 1525131195505971241
2026-09-19 12:30:48,800 | INFO | dart_vader | Synchronised 16 commands to development guild 499335861289091073
2026-09-19 12:30:51,317 | INFO | dart_vader | Dart Vader is online as Dart Vader#1257 (1525131195505971241)
2026-09-19 12:30:52,483 | ERROR | dart_vader | Application command failed: TypeError("Embed.__init__() got an unexpected keyword argument 'inline'")
Traceback (most recent call last):
  File "C:\Users\jenks\Documents\Dart Vader\venv\Lib\site-packages\discord\app_commands\commands.py", line 858, in _do_call
    return await self._callback(self.binding, interaction, **params)  # type: ignore
           ^^^^^^^^^^^^^^^^^^^^^^^^^^^^^^^^^^^^^^^^^^^^^^^^^^^^^^^^^
  File "C:\Users\jenks\Documents\Dart Vader\cogs\general.py", line 56, in about
    embed = discord.Embed(
        title="Dart Vader",
    ...<5 lines>...
        inline=False,
    )
TypeError: Embed.__init__() got an unexpected keyword argument 'inline'
2026-09-19 12:30:52,485 | INFO | dart_vader | Received interaction: type=InteractionType.application_command name=about user=613851811543122037 guild=499335861289091073
2026-09-19 12:31:00,445 | INFO | dart_vader | Dart Vader has shut down.
2026-09-19 12:31:02,351 | INFO | dart_vader | Loaded extension: cogs.general
2026-09-19 12:31:02,357 | INFO | dart_vader | Loaded extension: cogs.admin
2026-09-19 12:31:02,361 | INFO | dart_vader | Loaded extension: cogs.members
2026-09-19 12:31:02,394 | INFO | dart_vader | Loaded extension: cogs.events
2026-09-19 12:31:18,109 | INFO | dart_vader | Dart Vader has shut down.
2026-09-19 12:31:20,897 | INFO | dart_vader | Loaded extension: cogs.general
2026-09-19 12:31:20,901 | INFO | dart_vader | Loaded extension: cogs.admin
2026-09-19 12:31:20,903 | INFO | dart_vader | Loaded extension: cogs.members
2026-09-19 12:31:20,930 | INFO | dart_vader | Loaded extension: cogs.events
2026-09-19 12:31:42,842 | INFO | dart_vader | Dart Vader has shut down.
2026-09-19 12:31:48,087 | INFO | dart_vader | Loaded extension: cogs.general
2026-09-19 12:31:48,092 | INFO | dart_vader | Loaded extension: cogs.admin
2026-09-19 12:31:48,094 | INFO | dart_vader | Loaded extension: cogs.members
2026-09-19 12:31:48,121 | INFO | dart_vader | Loaded extension: cogs.events
2026-09-19 12:32:48,790 | INFO | dart_vader | Synced command: /ping | application ID: 1525131195505971241
2026-09-19 12:32:48,791 | INFO | dart_vader | Synced command: /vader | application ID: 1525131195505971241
2026-09-19 12:32:48,791 | INFO | dart_vader | Synced command: /about | application ID: 1525131195505971241
2026-09-19 12:32:48,791 | INFO | dart_vader | Synced command: /shutdown | application ID: 1525131195505971241
2026-09-19 12:32:48,791 | INFO | dart_vader | Synced command: /register | application ID: 1525131195505971241
2026-09-19 12:32:48,791 | INFO | dart_vader | Synced command: /event-signups | application ID: 1525131195505971241
2026-09-19 12:32:48,791 | INFO | dart_vader | Synced command: /events | application ID: 1525131195505971241
2026-09-19 12:32:48,791 | INFO | dart_vader | Synced command: /create-event | application ID: 1525131195505971241
2026-09-19 12:32:48,792 | INFO | dart_vader | Synced command: /edit-event | application ID: 1525131195505971241
2026-09-19 12:32:48,792 | INFO | dart_vader | Synced command: /specific-event | application ID: 1525131195505971241
2026-09-19 12:32:48,792 | INFO | dart_vader | Synced command: /delete-event | application ID: 1525131195505971241
2026-09-19 12:32:48,792 | INFO | dart_vader | Synced command: /signup-event | application ID: 1525131195505971241
2026-09-19 12:32:48,793 | INFO | dart_vader | Synced command: /withdraw-event | application ID: 1525131195505971241
2026-09-19 12:32:48,793 | INFO | dart_vader | Synced command: /register-attendance | application ID: 1525131195505971241
2026-09-19 12:32:48,794 | INFO | dart_vader | Synced command: /announce-event | application ID: 1525131195505971241
2026-09-19 12:32:48,794 | INFO | dart_vader | Synced command: /remind-event | application ID: 1525131195505971241
2026-09-19 12:32:48,794 | INFO | dart_vader | Synchronised 16 commands to development guild 499335861289091073
2026-09-19 12:32:53,733 | INFO | dart_vader | Dart Vader is online as Dart Vader#1257 (1525131195505971241)
2026-09-19 12:33:05,027 | INFO | dart_vader | Ping command used by user 613851811543122037 in guild 499335861289091073
2026-09-19 12:33:05,028 | INFO | dart_vader | Received interaction: type=InteractionType.application_command name=ping user=613851811543122037 guild=499335861289091073
2026-09-19 12:33:11,953 | INFO | dart_vader | Received interaction: type=InteractionType.application_command name=about user=613851811543122037 guild=499335861289091073
2026-09-19 12:33:32,956 | INFO | dart_vader | Dart Vader has shut down.
2026-09-19 12:33:35,482 | INFO | dart_vader | Loaded extension: cogs.general
2026-09-19 12:33:35,485 | INFO | dart_vader | Loaded extension: cogs.admin
2026-09-19 12:33:35,487 | INFO | dart_vader | Loaded extension: cogs.members
2026-09-19 12:33:35,513 | INFO | dart_vader | Loaded extension: cogs.events
2026-09-19 12:33:35,896 | INFO | dart_vader | Synced command: /ping | application ID: 1525131195505971241
2026-09-19 12:33:35,897 | INFO | dart_vader | Synced command: /vader | application ID: 1525131195505971241
2026-09-19 12:33:35,897 | INFO | dart_vader | Synced command: /about | application ID: 1525131195505971241
2026-09-19 12:33:35,897 | INFO | dart_vader | Synced command: /shutdown | application ID: 1525131195505971241
2026-09-19 12:33:35,898 | INFO | dart_vader | Synced command: /register | application ID: 1525131195505971241
2026-09-19 12:33:35,898 | INFO | dart_vader | Synced command: /event-signups | application ID: 1525131195505971241
2026-09-19 12:33:35,898 | INFO | dart_vader | Synced command: /events | application ID: 1525131195505971241
2026-09-19 12:33:35,898 | INFO | dart_vader | Synced command: /create-event | application ID: 1525131195505971241
2026-09-19 12:33:35,898 | INFO | dart_vader | Synced command: /edit-event | application ID: 1525131195505971241
2026-09-19 12:33:35,898 | INFO | dart_vader | Synced command: /specific-event | application ID: 1525131195505971241
2026-09-19 12:33:35,899 | INFO | dart_vader | Synced command: /delete-event | application ID: 1525131195505971241
2026-09-19 12:33:35,899 | INFO | dart_vader | Synced command: /signup-event | application ID: 1525131195505971241
2026-09-19 12:33:35,899 | INFO | dart_vader | Synced command: /withdraw-event | application ID: 1525131195505971241
2026-09-19 12:33:35,899 | INFO | dart_vader | Synced command: /register-attendance | application ID: 1525131195505971241
2026-09-19 12:33:35,899 | INFO | dart_vader | Synced command: /announce-event | application ID: 1525131195505971241
2026-09-19 12:33:35,899 | INFO | dart_vader | Synced command: /remind-event | application ID: 1525131195505971241
2026-09-19 12:33:35,899 | INFO | dart_vader | Synchronised 16 commands to development guild 499335861289091073
2026-09-19 12:33:38,306 | INFO | dart_vader | Dart Vader is online as Dart Vader#1257 (1525131195505971241)
2026-09-19 12:33:41,380 | INFO | dart_vader | Received interaction: type=InteractionType.application_command name=about user=613851811543122037 guild=499335861289091073
2026-09-19 13:22:18,066 | INFO | dart_vader | Received interaction: type=InteractionType.application_command name=shutdown user=613851811543122037 guild=499335861289091073
2026-09-19 13:22:18,360 | INFO | dart_vader | Dart Vader has shut down.
2026-09-19 14:24:01,627 | INFO | dart_vader | Loaded extension: cogs.general
2026-09-19 14:24:01,652 | INFO | dart_vader | Loaded extension: cogs.admin
2026-09-19 14:24:01,656 | INFO | dart_vader | Loaded extension: cogs.members
2026-09-19 14:24:01,771 | INFO | dart_vader | Loaded extension: cogs.events
2026-09-19 14:24:01,987 | INFO | dart_vader | Synced command: /ping | application ID: 1525131195505971241
2026-09-19 14:24:01,988 | INFO | dart_vader | Synced command: /vader | application ID: 1525131195505971241
2026-09-19 14:24:01,988 | INFO | dart_vader | Synced command: /about | application ID: 1525131195505971241
2026-09-19 14:24:01,989 | INFO | dart_vader | Synced command: /shutdown | application ID: 1525131195505971241
2026-09-19 14:24:01,989 | INFO | dart_vader | Synced command: /register | application ID: 1525131195505971241
2026-09-19 14:24:01,989 | INFO | dart_vader | Synced command: /event-signups | application ID: 1525131195505971241
2026-09-19 14:24:01,989 | INFO | dart_vader | Synced command: /events | application ID: 1525131195505971241
2026-09-19 14:24:01,990 | INFO | dart_vader | Synced command: /create-event | application ID: 1525131195505971241
2026-09-19 14:24:01,990 | INFO | dart_vader | Synced command: /edit-event | application ID: 1525131195505971241
2026-09-19 14:24:01,990 | INFO | dart_vader | Synced command: /specific-event | application ID: 1525131195505971241
2026-09-19 14:24:01,990 | INFO | dart_vader | Synced command: /delete-event | application ID: 1525131195505971241
2026-09-19 14:24:01,991 | INFO | dart_vader | Synced command: /signup-event | application ID: 1525131195505971241
2026-09-19 14:24:01,992 | INFO | dart_vader | Synced command: /withdraw-event | application ID: 1525131195505971241
2026-09-19 14:24:01,992 | INFO | dart_vader | Synced command: /register-attendance | application ID: 1525131195505971241
2026-09-19 14:24:01,992 | INFO | dart_vader | Synced command: /announce-event | application ID: 1525131195505971241
2026-09-19 14:24:01,992 | INFO | dart_vader | Synced command: /remind-event | application ID: 1525131195505971241
2026-09-19 14:24:01,992 | INFO | dart_vader | Synchronised 16 commands to development guild 499335861289091073
2026-09-19 14:24:04,418 | INFO | dart_vader | Dart Vader is online as Dart Vader#1257 (1525131195505971241)
2026-09-19 14:24:29,221 | INFO | dart_vader | Received interaction: type=InteractionType.application_command name=signup-event user=613851811543122037 guild=499335861289091073
2026-09-19 14:24:36,538 | INFO | dart_vader | Received interaction: type=InteractionType.application_command name=withdraw-event user=613851811543122037 guild=499335861289091073
2026-09-19 14:24:42,720 | INFO | dart_vader | Received interaction: type=InteractionType.application_command name=signup-event user=613851811543122037 guild=499335861289091073
2026-09-19 14:26:40,625 | INFO | dart_vader | Dart Vader has shut down.
2026-09-19 14:26:44,089 | INFO | dart_vader | Loaded extension: cogs.general
2026-09-19 14:26:44,097 | INFO | dart_vader | Loaded extension: cogs.admin
2026-09-19 14:26:44,099 | INFO | dart_vader | Loaded extension: cogs.members
2026-09-19 14:26:44,149 | INFO | dart_vader | Loaded extension: cogs.events
2026-09-19 14:26:44,417 | INFO | dart_vader | Synced command: /ping | application ID: 1525131195505971241
2026-09-19 14:26:44,418 | INFO | dart_vader | Synced command: /vader | application ID: 1525131195505971241
2026-09-19 14:26:44,419 | INFO | dart_vader | Synced command: /about | application ID: 1525131195505971241
2026-09-19 14:26:44,420 | INFO | dart_vader | Synced command: /shutdown | application ID: 1525131195505971241
2026-09-19 14:26:44,420 | INFO | dart_vader | Synced command: /register | application ID: 1525131195505971241
2026-09-19 14:26:44,421 | INFO | dart_vader | Synced command: /event-signups | application ID: 1525131195505971241
2026-09-19 14:26:44,422 | INFO | dart_vader | Synced command: /events | application ID: 1525131195505971241
2026-09-19 14:26:44,423 | INFO | dart_vader | Synced command: /create-event | application ID: 1525131195505971241
2026-09-19 14:26:44,423 | INFO | dart_vader | Synced command: /edit-event | application ID: 1525131195505971241
2026-09-19 14:26:44,424 | INFO | dart_vader | Synced command: /specific-event | application ID: 1525131195505971241
2026-09-19 14:26:44,424 | INFO | dart_vader | Synced command: /delete-event | application ID: 1525131195505971241
2026-09-19 14:26:44,425 | INFO | dart_vader | Synced command: /signup-event | application ID: 1525131195505971241
2026-09-19 14:26:44,426 | INFO | dart_vader | Synced command: /withdraw-event | application ID: 1525131195505971241
2026-09-19 14:26:44,426 | INFO | dart_vader | Synced command: /register-attendance | application ID: 1525131195505971241
2026-09-19 14:26:44,427 | INFO | dart_vader | Synced command: /announce-event | application ID: 1525131195505971241
2026-09-19 14:26:44,427 | INFO | dart_vader | Synced command: /remind-event | application ID: 1525131195505971241
2026-09-19 14:26:44,428 | INFO | dart_vader | Synchronised 16 commands to development guild 499335861289091073
2026-09-19 14:26:47,670 | INFO | dart_vader | Dart Vader is online as Dart Vader#1257 (1525131195505971241)
2026-09-19 14:26:56,046 | INFO | dart_vader | Received interaction: type=InteractionType.application_command name=events user=613851811543122037 guild=499335861289091073
2026-09-19 14:27:11,880 | INFO | dart_vader | Received interaction: type=InteractionType.application_command name=signup-event user=613851811543122037 guild=499335861289091073
2026-09-19 14:27:12,141 | ERROR | dart_vader | Application command failed: MissingRole('Role 1334849466951405640 is required to run this command.')
Traceback (most recent call last):
  File "C:\Users\jenks\Documents\Dart Vader\venv\Lib\site-packages\discord\app_commands\tree.py", line 1302, in _call
    await command._invoke_with_namespace(interaction, namespace)
  File "C:\Users\jenks\Documents\Dart Vader\venv\Lib\site-packages\discord\app_commands\commands.py", line 880, in _invoke_with_namespace
    if not await self._check_can_run(interaction):
           ^^^^^^^^^^^^^^^^^^^^^^^^^^^^^^^^^^^^^^
  File "C:\Users\jenks\Documents\Dart Vader\venv\Lib\site-packages\discord\app_commands\commands.py", line 1018, in _check_can_run
    return await async_all(f(interaction) for f in predicates)  # type: ignore
           ^^^^^^^^^^^^^^^^^^^^^^^^^^^^^^^^^^^^^^^^^^^^^^^^^^^
  File "C:\Users\jenks\Documents\Dart Vader\venv\Lib\site-packages\discord\utils.py", line 725, in async_all
    elem = await elem
           ^^^^^^^^^^
  File "C:\Users\jenks\Documents\Dart Vader\utils\checks.py", line 19, in predicate
    raise app_commands.MissingRole(role_id)
discord.app_commands.errors.MissingRole: Role 1334849466951405640 is required to run this command.
2026-09-19 14:27:29,856 | INFO | dart_vader | Received interaction: type=InteractionType.application_command name=register user=613851811543122037 guild=499335861289091073
2026-09-19 14:32:38,925 | INFO | dart_vader | Dart Vader has shut down.
2026-09-19 14:32:41,341 | INFO | dart_vader | Loaded extension: cogs.general
2026-09-19 14:32:41,347 | INFO | dart_vader | Loaded extension: cogs.admin
2026-09-19 14:32:41,353 | ERROR | dart_vader | Failed to load extension: cogs.members
Traceback (most recent call last):
  File "C:\Users\jenks\Documents\Dart Vader\venv\Lib\site-packages\discord\ext\commands\bot.py", line 962, in _load_from_module_spec
    spec.loader.exec_module(lib)  # type: ignore
    ~~~~~~~~~~~~~~~~~~~~~~~^^^^^
  File "<frozen importlib._bootstrap_external>", line 755, in exec_module
  File "<frozen importlib._bootstrap_external>", line 893, in get_code
  File "<frozen importlib._bootstrap_external>", line 823, in source_to_code
  File "<frozen importlib._bootstrap>", line 491, in _call_with_frames_removed
  File "C:\Users\jenks\Documents\Dart Vader\cogs\members.py", line 50
    @app_commands.describe(
IndentationError: unexpected unindent

The above exception was the direct cause of the following exception:

Traceback (most recent call last):
  File "C:\Users\jenks\Documents\Dart Vader\bot.py", line 83, in setup_hook
    await self.load_extension(extension)
  File "C:\Users\jenks\Documents\Dart Vader\venv\Lib\site-packages\discord\ext\commands\bot.py", line 1040, in load_extension
    await self._load_from_module_spec(spec, name)
  File "C:\Users\jenks\Documents\Dart Vader\venv\Lib\site-packages\discord\ext\commands\bot.py", line 965, in _load_from_module_spec
    raise errors.ExtensionFailed(key, e) from e
discord.ext.commands.errors.ExtensionFailed: Extension 'cogs.members' raised an error: IndentationError: unexpected unindent (members.py, line 50)
2026-09-19 14:32:41,378 | ERROR | dart_vader | Dart Vader stopped unexpectedly.
Traceback (most recent call last):
  File "C:\Users\jenks\Documents\Dart Vader\venv\Lib\site-packages\discord\ext\commands\bot.py", line 962, in _load_from_module_spec
    spec.loader.exec_module(lib)  # type: ignore
    ~~~~~~~~~~~~~~~~~~~~~~~^^^^^
  File "<frozen importlib._bootstrap_external>", line 755, in exec_module
  File "<frozen importlib._bootstrap_external>", line 893, in get_code
  File "<frozen importlib._bootstrap_external>", line 823, in source_to_code
  File "<frozen importlib._bootstrap>", line 491, in _call_with_frames_removed
  File "C:\Users\jenks\Documents\Dart Vader\cogs\members.py", line 50
    @app_commands.describe(
IndentationError: unexpected unindent

The above exception was the direct cause of the following exception:

Traceback (most recent call last):
  File "C:\Users\jenks\Documents\Dart Vader\bot.py", line 176, in main
    await bot.start(settings.discord_token)
  File "C:\Users\jenks\Documents\Dart Vader\venv\Lib\site-packages\discord\client.py", line 850, in start
    await self.login(token)
  File "C:\Users\jenks\Documents\Dart Vader\venv\Lib\site-packages\discord\client.py", line 693, in login
    await self.setup_hook()
  File "C:\Users\jenks\Documents\Dart Vader\bot.py", line 83, in setup_hook
    await self.load_extension(extension)
  File "C:\Users\jenks\Documents\Dart Vader\venv\Lib\site-packages\discord\ext\commands\bot.py", line 1040, in load_extension
    await self._load_from_module_spec(spec, name)
  File "C:\Users\jenks\Documents\Dart Vader\venv\Lib\site-packages\discord\ext\commands\bot.py", line 965, in _load_from_module_spec
    raise errors.ExtensionFailed(key, e) from e
discord.ext.commands.errors.ExtensionFailed: Extension 'cogs.members' raised an error: IndentationError: unexpected unindent (members.py, line 50)
2026-09-19 14:32:41,381 | INFO | dart_vader | Dart Vader has shut down.
2026-09-19 14:33:14,105 | INFO | dart_vader | Loaded extension: cogs.general
2026-09-19 14:33:14,110 | INFO | dart_vader | Loaded extension: cogs.admin
2026-09-19 14:33:14,117 | ERROR | dart_vader | Failed to load extension: cogs.members
Traceback (most recent call last):
  File "C:\Users\jenks\Documents\Dart Vader\venv\Lib\site-packages\discord\ext\commands\bot.py", line 962, in _load_from_module_spec
    spec.loader.exec_module(lib)  # type: ignore
    ~~~~~~~~~~~~~~~~~~~~~~~^^^^^
  File "<frozen importlib._bootstrap_external>", line 759, in exec_module
  File "<frozen importlib._bootstrap>", line 491, in _call_with_frames_removed
  File "C:\Users\jenks\Documents\Dart Vader\cogs\members.py", line 37, in <module>
    class Members(commands.Cog):
    ...<140 lines>...
                )
  File "C:\Users\jenks\Documents\Dart Vader\cogs\members.py", line 152, in Members
    @register.error
     ^^^^^^^^
NameError: name 'register' is not defined

The above exception was the direct cause of the following exception:

Traceback (most recent call last):
  File "C:\Users\jenks\Documents\Dart Vader\bot.py", line 83, in setup_hook
    await self.load_extension(extension)
  File "C:\Users\jenks\Documents\Dart Vader\venv\Lib\site-packages\discord\ext\commands\bot.py", line 1040, in load_extension
    await self._load_from_module_spec(spec, name)
  File "C:\Users\jenks\Documents\Dart Vader\venv\Lib\site-packages\discord\ext\commands\bot.py", line 965, in _load_from_module_spec
    raise errors.ExtensionFailed(key, e) from e
discord.ext.commands.errors.ExtensionFailed: Extension 'cogs.members' raised an error: NameError: name 'register' is not defined
2026-09-19 14:33:14,127 | ERROR | dart_vader | Dart Vader stopped unexpectedly.
Traceback (most recent call last):
  File "C:\Users\jenks\Documents\Dart Vader\venv\Lib\site-packages\discord\ext\commands\bot.py", line 962, in _load_from_module_spec
    spec.loader.exec_module(lib)  # type: ignore
    ~~~~~~~~~~~~~~~~~~~~~~~^^^^^
  File "<frozen importlib._bootstrap_external>", line 759, in exec_module
  File "<frozen importlib._bootstrap>", line 491, in _call_with_frames_removed
  File "C:\Users\jenks\Documents\Dart Vader\cogs\members.py", line 37, in <module>
    class Members(commands.Cog):
    ...<140 lines>...
                )
  File "C:\Users\jenks\Documents\Dart Vader\cogs\members.py", line 152, in Members
    @register.error
     ^^^^^^^^
NameError: name 'register' is not defined

The above exception was the direct cause of the following exception:

Traceback (most recent call last):
  File "C:\Users\jenks\Documents\Dart Vader\bot.py", line 176, in main
    await bot.start(settings.discord_token)
  File "C:\Users\jenks\Documents\Dart Vader\venv\Lib\site-packages\discord\client.py", line 850, in start
    await self.login(token)
  File "C:\Users\jenks\Documents\Dart Vader\venv\Lib\site-packages\discord\client.py", line 693, in login
    await self.setup_hook()
  File "C:\Users\jenks\Documents\Dart Vader\bot.py", line 83, in setup_hook
    await self.load_extension(extension)
  File "C:\Users\jenks\Documents\Dart Vader\venv\Lib\site-packages\discord\ext\commands\bot.py", line 1040, in load_extension
    await self._load_from_module_spec(spec, name)
  File "C:\Users\jenks\Documents\Dart Vader\venv\Lib\site-packages\discord\ext\commands\bot.py", line 965, in _load_from_module_spec
    raise errors.ExtensionFailed(key, e) from e
discord.ext.commands.errors.ExtensionFailed: Extension 'cogs.members' raised an error: NameError: name 'register' is not defined
2026-09-19 14:33:14,131 | INFO | dart_vader | Dart Vader has shut down.
2026-09-19 14:35:08,376 | INFO | dart_vader | Loaded extension: cogs.general
2026-09-19 14:35:08,382 | INFO | dart_vader | Loaded extension: cogs.admin
2026-09-19 14:35:08,389 | ERROR | dart_vader | Failed to load extension: cogs.members
Traceback (most recent call last):
  File "C:\Users\jenks\Documents\Dart Vader\venv\Lib\site-packages\discord\ext\commands\bot.py", line 974, in _load_from_module_spec
    await setup(self)
  File "C:\Users\jenks\Documents\Dart Vader\cogs\members.py", line 185, in setup
    await bot.add_cog(Members(bot, member_service))
                      ~~~~~~~^^^^^^^^^^^^^^^^^^^^^
  File "C:\Users\jenks\Documents\Dart Vader\cogs\members.py", line 46, in __init__
    @app_commands.command(
     ~~~~~~~~~~~~~~~~~~~~^
    name="register",
    ^^^^^^^^^^^^^^^^
    description="Register yourself as a Nerf Society member.",
    ^^^^^^^^^^^^^^^^^^^^^^^^^^^^^^^^^^^^^^^^^^^^^^^^^^^^^^^^^^
    )
    ^
  File "C:\Users\jenks\Documents\Dart Vader\venv\Lib\site-packages\discord\app_commands\commands.py", line 2065, in decorator
    return Command(
        name=name if name is not MISSING else func.__name__,
    ...<5 lines>...
        extras=extras,
    )
  File "C:\Users\jenks\Documents\Dart Vader\venv\Lib\site-packages\discord\app_commands\commands.py", line 688, in __init__
    self._params: Dict[str, CommandParameter] = _extract_parameters_from_callback(callback, callback.__globals__)
                                                ~~~~~~~~~~~~~~~~~~~~~~~~~~~~~~~~~^^^^^^^^^^^^^^^^^^^^^^^^^^^^^^^^
  File "C:\Users\jenks\Documents\Dart Vader\venv\Lib\site-packages\discord\app_commands\commands.py", line 384, in _extract_parameters_from_callback
    param = annotation_to_parameter(resolved, parameter)
  File "C:\Users\jenks\Documents\Dart Vader\venv\Lib\site-packages\discord\app_commands\transformers.py", line 874, in annotation_to_parameter
    (inner, default, validate_default) = get_supported_annotation(annotation)
                                         ~~~~~~~~~~~~~~~~~~~~~~~~^^^^^^^^^^^^
  File "C:\Users\jenks\Documents\Dart Vader\venv\Lib\site-packages\discord\app_commands\transformers.py", line 833, in get_supported_annotation
    raise TypeError(f'unsupported type annotation {annotation!r}')
TypeError: unsupported type annotation <class 'discord.interactions.Interaction'>

The above exception was the direct cause of the following exception:

Traceback (most recent call last):
  File "C:\Users\jenks\Documents\Dart Vader\bot.py", line 83, in setup_hook
    await self.load_extension(extension)
  File "C:\Users\jenks\Documents\Dart Vader\venv\Lib\site-packages\discord\ext\commands\bot.py", line 1040, in load_extension
    await self._load_from_module_spec(spec, name)
  File "C:\Users\jenks\Documents\Dart Vader\venv\Lib\site-packages\discord\ext\commands\bot.py", line 979, in _load_from_module_spec
    raise errors.ExtensionFailed(key, e) from e
discord.ext.commands.errors.ExtensionFailed: Extension 'cogs.members' raised an error: TypeError: unsupported type annotation <class 'discord.interactions.Interaction'>
2026-09-19 14:35:08,417 | ERROR | dart_vader | Dart Vader stopped unexpectedly.
Traceback (most recent call last):
  File "C:\Users\jenks\Documents\Dart Vader\venv\Lib\site-packages\discord\ext\commands\bot.py", line 974, in _load_from_module_spec
    await setup(self)
  File "C:\Users\jenks\Documents\Dart Vader\cogs\members.py", line 185, in setup
    await bot.add_cog(Members(bot, member_service))
                      ~~~~~~~^^^^^^^^^^^^^^^^^^^^^
  File "C:\Users\jenks\Documents\Dart Vader\cogs\members.py", line 46, in __init__
    @app_commands.command(
     ~~~~~~~~~~~~~~~~~~~~^
    name="register",
    ^^^^^^^^^^^^^^^^
    description="Register yourself as a Nerf Society member.",
    ^^^^^^^^^^^^^^^^^^^^^^^^^^^^^^^^^^^^^^^^^^^^^^^^^^^^^^^^^^
    )
    ^
  File "C:\Users\jenks\Documents\Dart Vader\venv\Lib\site-packages\discord\app_commands\commands.py", line 2065, in decorator
    return Command(
        name=name if name is not MISSING else func.__name__,
    ...<5 lines>...
        extras=extras,
    )
  File "C:\Users\jenks\Documents\Dart Vader\venv\Lib\site-packages\discord\app_commands\commands.py", line 688, in __init__
    self._params: Dict[str, CommandParameter] = _extract_parameters_from_callback(callback, callback.__globals__)
                                                ~~~~~~~~~~~~~~~~~~~~~~~~~~~~~~~~~^^^^^^^^^^^^^^^^^^^^^^^^^^^^^^^^
  File "C:\Users\jenks\Documents\Dart Vader\venv\Lib\site-packages\discord\app_commands\commands.py", line 384, in _extract_parameters_from_callback
    param = annotation_to_parameter(resolved, parameter)
  File "C:\Users\jenks\Documents\Dart Vader\venv\Lib\site-packages\discord\app_commands\transformers.py", line 874, in annotation_to_parameter
    (inner, default, validate_default) = get_supported_annotation(annotation)
                                         ~~~~~~~~~~~~~~~~~~~~~~~~^^^^^^^^^^^^
  File "C:\Users\jenks\Documents\Dart Vader\venv\Lib\site-packages\discord\app_commands\transformers.py", line 833, in get_supported_annotation
    raise TypeError(f'unsupported type annotation {annotation!r}')
TypeError: unsupported type annotation <class 'discord.interactions.Interaction'>

The above exception was the direct cause of the following exception:

Traceback (most recent call last):
  File "C:\Users\jenks\Documents\Dart Vader\bot.py", line 176, in main
    await bot.start(settings.discord_token)
  File "C:\Users\jenks\Documents\Dart Vader\venv\Lib\site-packages\discord\client.py", line 850, in start
    await self.login(token)
  File "C:\Users\jenks\Documents\Dart Vader\venv\Lib\site-packages\discord\client.py", line 693, in login
    await self.setup_hook()
  File "C:\Users\jenks\Documents\Dart Vader\bot.py", line 83, in setup_hook
    await self.load_extension(extension)
  File "C:\Users\jenks\Documents\Dart Vader\venv\Lib\site-packages\discord\ext\commands\bot.py", line 1040, in load_extension
    await self._load_from_module_spec(spec, name)
  File "C:\Users\jenks\Documents\Dart Vader\venv\Lib\site-packages\discord\ext\commands\bot.py", line 979, in _load_from_module_spec
    raise errors.ExtensionFailed(key, e) from e
discord.ext.commands.errors.ExtensionFailed: Extension 'cogs.members' raised an error: TypeError: unsupported type annotation <class 'discord.interactions.Interaction'>
2026-09-19 14:35:08,421 | INFO | dart_vader | Dart Vader has shut down.
2026-09-19 14:35:25,222 | INFO | dart_vader | Loaded extension: cogs.general
2026-09-19 14:35:25,228 | INFO | dart_vader | Loaded extension: cogs.admin
2026-09-19 14:35:25,237 | INFO | dart_vader | Loaded extension: cogs.members
2026-09-19 14:35:25,266 | INFO | dart_vader | Loaded extension: cogs.events
2026-09-19 14:35:25,466 | INFO | dart_vader | Synced command: /ping | application ID: 1525131195505971241
2026-09-19 14:35:25,466 | INFO | dart_vader | Synced command: /vader | application ID: 1525131195505971241
2026-09-19 14:35:25,467 | INFO | dart_vader | Synced command: /about | application ID: 1525131195505971241
2026-09-19 14:35:25,468 | INFO | dart_vader | Synced command: /shutdown | application ID: 1525131195505971241
2026-09-19 14:35:25,468 | INFO | dart_vader | Synced command: /register | application ID: 1525131195505971241
2026-09-19 14:35:25,469 | INFO | dart_vader | Synced command: /event-signups | application ID: 1525131195505971241
2026-09-19 14:35:25,470 | INFO | dart_vader | Synced command: /events | application ID: 1525131195505971241
2026-09-19 14:35:25,471 | INFO | dart_vader | Synced command: /create-event | application ID: 1525131195505971241
2026-09-19 14:35:25,472 | INFO | dart_vader | Synced command: /edit-event | application ID: 1525131195505971241
2026-09-19 14:35:25,472 | INFO | dart_vader | Synced command: /specific-event | application ID: 1525131195505971241
2026-09-19 14:35:25,473 | INFO | dart_vader | Synced command: /delete-event | application ID: 1525131195505971241
2026-09-19 14:35:25,473 | INFO | dart_vader | Synced command: /signup-event | application ID: 1525131195505971241
2026-09-19 14:35:25,474 | INFO | dart_vader | Synced command: /withdraw-event | application ID: 1525131195505971241
2026-09-19 14:35:25,474 | INFO | dart_vader | Synced command: /register-attendance | application ID: 1525131195505971241
2026-09-19 14:35:25,475 | INFO | dart_vader | Synced command: /announce-event | application ID: 1525131195505971241
2026-09-19 14:35:25,476 | INFO | dart_vader | Synced command: /remind-event | application ID: 1525131195505971241
2026-09-19 14:35:25,477 | INFO | dart_vader | Synchronised 16 commands to development guild 499335861289091073
2026-09-19 14:35:28,534 | INFO | dart_vader | Dart Vader is online as Dart Vader#1257 (1525131195505971241)
2026-09-19 14:35:29,385 | INFO | dart_vader | Dart Vader has shut down.
2026-09-19 14:37:37,958 | INFO | dart_vader | Loaded extension: cogs.general
2026-09-19 14:37:37,962 | INFO | dart_vader | Loaded extension: cogs.admin
2026-09-19 14:37:37,970 | INFO | dart_vader | Loaded extension: cogs.members
2026-09-19 14:37:37,998 | INFO | dart_vader | Loaded extension: cogs.events
2026-09-19 14:37:38,221 | INFO | dart_vader | Synced command: /ping | application ID: 1525131195505971241
2026-09-19 14:37:38,222 | INFO | dart_vader | Synced command: /vader | application ID: 1525131195505971241
2026-09-19 14:37:38,222 | INFO | dart_vader | Synced command: /about | application ID: 1525131195505971241
2026-09-19 14:37:38,223 | INFO | dart_vader | Synced command: /shutdown | application ID: 1525131195505971241
2026-09-19 14:37:38,224 | INFO | dart_vader | Synced command: /register | application ID: 1525131195505971241
2026-09-19 14:37:38,225 | INFO | dart_vader | Synced command: /event-signups | application ID: 1525131195505971241
2026-09-19 14:37:38,226 | INFO | dart_vader | Synced command: /events | application ID: 1525131195505971241
2026-09-19 14:37:38,226 | INFO | dart_vader | Synced command: /create-event | application ID: 1525131195505971241
2026-09-19 14:37:38,227 | INFO | dart_vader | Synced command: /edit-event | application ID: 1525131195505971241
2026-09-19 14:37:38,227 | INFO | dart_vader | Synced command: /specific-event | application ID: 1525131195505971241
2026-09-19 14:37:38,228 | INFO | dart_vader | Synced command: /delete-event | application ID: 1525131195505971241
2026-09-19 14:37:38,228 | INFO | dart_vader | Synced command: /signup-event | application ID: 1525131195505971241
2026-09-19 14:37:38,229 | INFO | dart_vader | Synced command: /withdraw-event | application ID: 1525131195505971241
2026-09-19 14:37:38,229 | INFO | dart_vader | Synced command: /register-attendance | application ID: 1525131195505971241
2026-09-19 14:37:38,230 | INFO | dart_vader | Synced command: /announce-event | application ID: 1525131195505971241
2026-09-19 14:37:38,231 | INFO | dart_vader | Synced command: /remind-event | application ID: 1525131195505971241
2026-09-19 14:37:38,231 | INFO | dart_vader | Synchronised 16 commands to development guild 499335861289091073
2026-09-19 14:37:40,733 | INFO | dart_vader | Dart Vader is online as Dart Vader#1257 (1525131195505971241)
2026-09-19 14:38:38,904 | INFO | dart_vader | Received interaction: type=InteractionType.application_command name=shutdown user=613851811543122037 guild=499335861289091073
2026-09-19 14:38:39,144 | INFO | dart_vader | Dart Vader has shut down.
2026-09-19 14:39:02,032 | INFO | dart_vader | Loaded extension: cogs.general
2026-09-19 14:39:02,036 | INFO | dart_vader | Loaded extension: cogs.admin
2026-09-19 14:39:02,038 | INFO | dart_vader | Loaded extension: cogs.members
2026-09-19 14:39:02,078 | INFO | dart_vader | Loaded extension: cogs.events
2026-09-19 14:39:02,261 | INFO | dart_vader | Synced command: /ping | application ID: 1525131195505971241
2026-09-19 14:39:02,261 | INFO | dart_vader | Synced command: /vader | application ID: 1525131195505971241
2026-09-19 14:39:02,262 | INFO | dart_vader | Synced command: /about | application ID: 1525131195505971241
2026-09-19 14:39:02,262 | INFO | dart_vader | Synced command: /shutdown | application ID: 1525131195505971241
2026-09-19 14:39:02,262 | INFO | dart_vader | Synced command: /register | application ID: 1525131195505971241
2026-09-19 14:39:02,262 | INFO | dart_vader | Synced command: /event-signups | application ID: 1525131195505971241
2026-09-19 14:39:02,262 | INFO | dart_vader | Synced command: /events | application ID: 1525131195505971241
2026-09-19 14:39:02,263 | INFO | dart_vader | Synced command: /create-event | application ID: 1525131195505971241
2026-09-19 14:39:02,263 | INFO | dart_vader | Synced command: /edit-event | application ID: 1525131195505971241
2026-09-19 14:39:02,263 | INFO | dart_vader | Synced command: /specific-event | application ID: 1525131195505971241
2026-09-19 14:39:02,263 | INFO | dart_vader | Synced command: /delete-event | application ID: 1525131195505971241
2026-09-19 14:39:02,263 | INFO | dart_vader | Synced command: /signup-event | application ID: 1525131195505971241
2026-09-19 14:39:02,263 | INFO | dart_vader | Synced command: /withdraw-event | application ID: 1525131195505971241
2026-09-19 14:39:02,264 | INFO | dart_vader | Synced command: /register-attendance | application ID: 1525131195505971241
2026-09-19 14:39:02,264 | INFO | dart_vader | Synced command: /announce-event | application ID: 1525131195505971241
2026-09-19 14:39:02,264 | INFO | dart_vader | Synced command: /remind-event | application ID: 1525131195505971241
2026-09-19 14:39:02,264 | INFO | dart_vader | Synchronised 16 commands to development guild 499335861289091073
2026-09-19 14:39:04,672 | INFO | dart_vader | Dart Vader is online as Dart Vader#1257 (1525131195505971241)
2026-09-19 14:39:19,395 | INFO | dart_vader | Received interaction: type=InteractionType.application_command name=register user=613851811543122037 guild=499335861289091073
2026-09-19 14:39:48,595 | INFO | dart_vader | Dart Vader has shut down.
2026-09-19 14:39:51,141 | INFO | dart_vader | Loaded extension: cogs.general
2026-09-19 14:39:51,147 | INFO | dart_vader | Loaded extension: cogs.admin
2026-09-19 14:39:51,157 | INFO | dart_vader | Loaded extension: cogs.members
2026-09-19 14:39:51,193 | INFO | dart_vader | Loaded extension: cogs.events
2026-09-19 14:39:51,403 | INFO | dart_vader | Synced command: /ping | application ID: 1525131195505971241
2026-09-19 14:39:51,404 | INFO | dart_vader | Synced command: /vader | application ID: 1525131195505971241
2026-09-19 14:39:51,404 | INFO | dart_vader | Synced command: /about | application ID: 1525131195505971241
2026-09-19 14:39:51,404 | INFO | dart_vader | Synced command: /shutdown | application ID: 1525131195505971241
2026-09-19 14:39:51,404 | INFO | dart_vader | Synced command: /register | application ID: 1525131195505971241
2026-09-19 14:39:51,404 | INFO | dart_vader | Synced command: /event-signups | application ID: 1525131195505971241
2026-09-19 14:39:51,405 | INFO | dart_vader | Synced command: /events | application ID: 1525131195505971241
2026-09-19 14:39:51,405 | INFO | dart_vader | Synced command: /create-event | application ID: 1525131195505971241
2026-09-19 14:39:51,405 | INFO | dart_vader | Synced command: /edit-event | application ID: 1525131195505971241
2026-09-19 14:39:51,405 | INFO | dart_vader | Synced command: /specific-event | application ID: 1525131195505971241
2026-09-19 14:39:51,405 | INFO | dart_vader | Synced command: /delete-event | application ID: 1525131195505971241
2026-09-19 14:39:51,405 | INFO | dart_vader | Synced command: /signup-event | application ID: 1525131195505971241
2026-09-19 14:39:51,405 | INFO | dart_vader | Synced command: /withdraw-event | application ID: 1525131195505971241
2026-09-19 14:39:51,406 | INFO | dart_vader | Synced command: /register-attendance | application ID: 1525131195505971241
2026-09-19 14:39:51,406 | INFO | dart_vader | Synced command: /announce-event | application ID: 1525131195505971241
2026-09-19 14:39:51,406 | INFO | dart_vader | Synced command: /remind-event | application ID: 1525131195505971241
2026-09-19 14:39:51,406 | INFO | dart_vader | Synchronised 16 commands to development guild 499335861289091073
2026-09-19 14:39:53,835 | INFO | dart_vader | Dart Vader is online as Dart Vader#1257 (1525131195505971241)
2026-09-19 14:40:06,265 | INFO | dart_vader | Dart Vader has shut down.
2026-09-19 14:40:12,485 | INFO | dart_vader | Loaded extension: cogs.general
2026-09-19 14:40:12,491 | INFO | dart_vader | Loaded extension: cogs.admin
2026-09-19 14:40:12,493 | INFO | dart_vader | Loaded extension: cogs.members
2026-09-19 14:40:12,534 | INFO | dart_vader | Loaded extension: cogs.events
2026-09-19 14:40:34,038 | INFO | dart_vader | Dart Vader has shut down.
2026-09-19 14:40:37,746 | INFO | dart_vader | Loaded extension: cogs.general
2026-09-19 14:40:37,751 | INFO | dart_vader | Loaded extension: cogs.admin
2026-09-19 14:40:37,753 | INFO | dart_vader | Loaded extension: cogs.members
2026-09-19 14:40:37,783 | INFO | dart_vader | Loaded extension: cogs.events
2026-09-19 14:41:21,387 | INFO | dart_vader | Synced command: /ping | application ID: 1525131195505971241
2026-09-19 14:41:21,387 | INFO | dart_vader | Synced command: /vader | application ID: 1525131195505971241
2026-09-19 14:41:21,387 | INFO | dart_vader | Synced command: /about | application ID: 1525131195505971241
2026-09-19 14:41:21,388 | INFO | dart_vader | Synced command: /shutdown | application ID: 1525131195505971241
2026-09-19 14:41:21,388 | INFO | dart_vader | Synced command: /register | application ID: 1525131195505971241
2026-09-19 14:41:21,388 | INFO | dart_vader | Synced command: /event-signups | application ID: 1525131195505971241
2026-09-19 14:41:21,388 | INFO | dart_vader | Synced command: /events | application ID: 1525131195505971241
2026-09-19 14:41:21,388 | INFO | dart_vader | Synced command: /create-event | application ID: 1525131195505971241
2026-09-19 14:41:21,388 | INFO | dart_vader | Synced command: /edit-event | application ID: 1525131195505971241
2026-09-19 14:41:21,389 | INFO | dart_vader | Synced command: /specific-event | application ID: 1525131195505971241
2026-09-19 14:41:21,389 | INFO | dart_vader | Synced command: /delete-event | application ID: 1525131195505971241
2026-09-19 14:41:21,389 | INFO | dart_vader | Synced command: /signup-event | application ID: 1525131195505971241
2026-09-19 14:41:21,389 | INFO | dart_vader | Synced command: /withdraw-event | application ID: 1525131195505971241
2026-09-19 14:41:21,389 | INFO | dart_vader | Synced command: /register-attendance | application ID: 1525131195505971241
2026-09-19 14:41:21,390 | INFO | dart_vader | Synced command: /announce-event | application ID: 1525131195505971241
2026-09-19 14:41:21,390 | INFO | dart_vader | Synced command: /remind-event | application ID: 1525131195505971241
2026-09-19 14:41:21,391 | INFO | dart_vader | Synchronised 16 commands to development guild 499335861289091073
2026-09-19 14:41:24,159 | INFO | dart_vader | Dart Vader is online as Dart Vader#1257 (1525131195505971241)
2026-09-19 14:43:11,272 | INFO | dart_vader | Ping command used by user 613851811543122037 in guild 499335861289091073
2026-09-19 14:43:11,273 | INFO | dart_vader | Received interaction: type=InteractionType.application_command name=ping user=613851811543122037 guild=499335861289091073
2026-09-19 14:45:30,787 | INFO | dart_vader | Received interaction: type=InteractionType.application_command name=register user=613851811543122037 guild=499335861289091073
2026-09-19 14:47:25,234 | INFO | dart_vader | Received interaction: type=InteractionType.application_command name=shutdown user=613851811543122037 guild=499335861289091073
2026-09-19 14:47:25,507 | INFO | dart_vader | Dart Vader has shut down.
2026-09-19 14:54:11,260 | INFO | dart_vader | Loaded extension: cogs.general
2026-09-19 14:54:11,264 | INFO | dart_vader | Loaded extension: cogs.admin
2026-09-19 14:54:11,266 | INFO | dart_vader | Loaded extension: cogs.members
2026-09-19 14:54:11,296 | INFO | dart_vader | Loaded extension: cogs.events
2026-09-19 14:54:11,494 | INFO | dart_vader | Synced command: /ping | application ID: 1525131195505971241
2026-09-19 14:54:11,494 | INFO | dart_vader | Synced command: /vader | application ID: 1525131195505971241
2026-09-19 14:54:11,494 | INFO | dart_vader | Synced command: /about | application ID: 1525131195505971241
2026-09-19 14:54:11,494 | INFO | dart_vader | Synced command: /shutdown | application ID: 1525131195505971241
2026-09-19 14:54:11,494 | INFO | dart_vader | Synced command: /register | application ID: 1525131195505971241
2026-09-19 14:54:11,495 | INFO | dart_vader | Synced command: /event-signups | application ID: 1525131195505971241
2026-09-19 14:54:11,495 | INFO | dart_vader | Synced command: /events | application ID: 1525131195505971241
2026-09-19 14:54:11,495 | INFO | dart_vader | Synced command: /create-event | application ID: 1525131195505971241
2026-09-19 14:54:11,496 | INFO | dart_vader | Synced command: /edit-event | application ID: 1525131195505971241
2026-09-19 14:54:11,496 | INFO | dart_vader | Synced command: /specific-event | application ID: 1525131195505971241
2026-09-19 14:54:11,496 | INFO | dart_vader | Synced command: /delete-event | application ID: 1525131195505971241
2026-09-19 14:54:11,496 | INFO | dart_vader | Synced command: /signup-event | application ID: 1525131195505971241
2026-09-19 14:54:11,497 | INFO | dart_vader | Synced command: /withdraw-event | application ID: 1525131195505971241
2026-09-19 14:54:11,497 | INFO | dart_vader | Synced command: /register-attendance | application ID: 1525131195505971241
2026-09-19 14:54:11,497 | INFO | dart_vader | Synced command: /announce-event | application ID: 1525131195505971241
2026-09-19 14:54:11,498 | INFO | dart_vader | Synced command: /remind-event | application ID: 1525131195505971241
2026-09-19 14:54:11,498 | INFO | dart_vader | Synchronised 16 commands to development guild 499335861289091073
2026-09-19 14:54:13,958 | INFO | dart_vader | Dart Vader is online as Dart Vader#1257 (1525131195505971241)
2026-09-19 14:55:05,196 | INFO | dart_vader | Received interaction: type=InteractionType.application_command name=register user=613851811543122037 guild=499335861289091073
2026-09-19 14:55:12,732 | INFO | dart_vader | Received interaction: type=InteractionType.application_command name=shutdown user=613851811543122037 guild=499335861289091073
2026-09-19 14:55:12,974 | INFO | dart_vader | Dart Vader has shut down.
2026-09-19 14:57:02,477 | INFO | dart_vader | Loaded extension: cogs.general
2026-09-19 14:57:02,483 | INFO | dart_vader | Loaded extension: cogs.admin
2026-09-19 14:57:02,485 | INFO | dart_vader | Loaded extension: cogs.members
2026-09-19 14:57:02,517 | INFO | dart_vader | Loaded extension: cogs.events
2026-09-19 14:57:02,745 | INFO | dart_vader | Synced command: /ping | application ID: 1525131195505971241
2026-09-19 14:57:02,745 | INFO | dart_vader | Synced command: /vader | application ID: 1525131195505971241
2026-09-19 14:57:02,745 | INFO | dart_vader | Synced command: /about | application ID: 1525131195505971241
2026-09-19 14:57:02,746 | INFO | dart_vader | Synced command: /shutdown | application ID: 1525131195505971241
2026-09-19 14:57:02,746 | INFO | dart_vader | Synced command: /register | application ID: 1525131195505971241
2026-09-19 14:57:02,746 | INFO | dart_vader | Synced command: /event-signups | application ID: 1525131195505971241
2026-09-19 14:57:02,746 | INFO | dart_vader | Synced command: /events | application ID: 1525131195505971241
2026-09-19 14:57:02,746 | INFO | dart_vader | Synced command: /create-event | application ID: 1525131195505971241
2026-09-19 14:57:02,747 | INFO | dart_vader | Synced command: /edit-event | application ID: 1525131195505971241
2026-09-19 14:57:02,747 | INFO | dart_vader | Synced command: /specific-event | application ID: 1525131195505971241
2026-09-19 14:57:02,747 | INFO | dart_vader | Synced command: /delete-event | application ID: 1525131195505971241
2026-09-19 14:57:02,747 | INFO | dart_vader | Synced command: /signup-event | application ID: 1525131195505971241
2026-09-19 14:57:02,747 | INFO | dart_vader | Synced command: /withdraw-event | application ID: 1525131195505971241
2026-09-19 14:57:02,748 | INFO | dart_vader | Synced command: /register-attendance | application ID: 1525131195505971241
2026-09-19 14:57:02,748 | INFO | dart_vader | Synced command: /announce-event | application ID: 1525131195505971241
2026-09-19 14:57:02,748 | INFO | dart_vader | Synced command: /remind-event | application ID: 1525131195505971241
2026-09-19 14:57:02,748 | INFO | dart_vader | Synchronised 16 commands to development guild 499335861289091073
2026-09-19 14:57:05,138 | INFO | dart_vader | Dart Vader is online as Dart Vader#1257 (1525131195505971241)
2026-09-19 14:58:54,246 | INFO | dart_vader | Received interaction: type=InteractionType.application_command name=register user=613851811543122037 guild=499335861289091073
2026-09-19 15:01:12,313 | INFO | dart_vader | Received interaction: type=InteractionType.application_command name=register user=210467588310958080 guild=499335861289091073
2026-09-19 15:02:14,265 | INFO | dart_vader | Received interaction: type=InteractionType.application_command name=shutdown user=613851811543122037 guild=499335861289091073
2026-09-19 15:02:14,845 | INFO | dart_vader | Dart Vader has shut down.
2026-09-19 15:02:26,773 | INFO | dart_vader | Loaded extension: cogs.general
2026-09-19 15:02:26,777 | INFO | dart_vader | Loaded extension: cogs.admin
2026-09-19 15:02:26,779 | INFO | dart_vader | Loaded extension: cogs.members
2026-09-19 15:02:26,805 | INFO | dart_vader | Loaded extension: cogs.events
2026-09-19 15:02:26,993 | INFO | dart_vader | Synced command: /ping | application ID: 1525131195505971241
2026-09-19 15:02:26,993 | INFO | dart_vader | Synced command: /vader | application ID: 1525131195505971241
2026-09-19 15:02:26,994 | INFO | dart_vader | Synced command: /about | application ID: 1525131195505971241
2026-09-19 15:02:26,995 | INFO | dart_vader | Synced command: /shutdown | application ID: 1525131195505971241
2026-09-19 15:02:26,995 | INFO | dart_vader | Synced command: /register | application ID: 1525131195505971241
2026-09-19 15:02:26,996 | INFO | dart_vader | Synced command: /event-signups | application ID: 1525131195505971241
2026-09-19 15:02:26,997 | INFO | dart_vader | Synced command: /events | application ID: 1525131195505971241
2026-09-19 15:02:26,997 | INFO | dart_vader | Synced command: /create-event | application ID: 1525131195505971241
2026-09-19 15:02:26,998 | INFO | dart_vader | Synced command: /edit-event | application ID: 1525131195505971241
2026-09-19 15:02:26,998 | INFO | dart_vader | Synced command: /specific-event | application ID: 1525131195505971241
2026-09-19 15:02:26,999 | INFO | dart_vader | Synced command: /delete-event | application ID: 1525131195505971241
2026-09-19 15:02:27,000 | INFO | dart_vader | Synced command: /signup-event | application ID: 1525131195505971241
2026-09-19 15:02:27,000 | INFO | dart_vader | Synced command: /withdraw-event | application ID: 1525131195505971241
2026-09-19 15:02:27,001 | INFO | dart_vader | Synced command: /register-attendance | application ID: 1525131195505971241
2026-09-19 15:02:27,001 | INFO | dart_vader | Synced command: /announce-event | application ID: 1525131195505971241
2026-09-19 15:02:27,002 | INFO | dart_vader | Synced command: /remind-event | application ID: 1525131195505971241
2026-09-19 15:02:27,002 | INFO | dart_vader | Synchronised 16 commands to development guild 499335861289091073
2026-09-19 15:02:29,400 | INFO | dart_vader | Dart Vader is online as Dart Vader#1257 (1525131195505971241)
2026-09-19 15:02:36,058 | INFO | dart_vader | Received interaction: type=InteractionType.application_command name=register user=210467588310958080 guild=499335861289091073
2026-09-19 15:02:37,340 | ERROR | dart_vader | Application command failed: NameError("name 'role_added' is not defined")
Traceback (most recent call last):
  File "C:\Users\jenks\Documents\Dart Vader\venv\Lib\site-packages\discord\app_commands\commands.py", line 858, in _do_call
    return await self._callback(self.binding, interaction, **params)  # type: ignore
           ^^^^^^^^^^^^^^^^^^^^^^^^^^^^^^^^^^^^^^^^^^^^^^^^^^^^^^^^^
  File "C:\Users\jenks\Documents\Dart Vader\cogs\members.py", line 144, in register
    role_added - await self.give_member_role(interaction.user, reason="Completed registration")
    ^^^^^^^^^^
NameError: name 'role_added' is not defined
2026-09-19 15:05:02,918 | INFO | dart_vader | Received interaction: type=InteractionType.application_command name=shutdown user=613851811543122037 guild=499335861289091073
2026-09-19 15:05:03,213 | INFO | dart_vader | Dart Vader has shut down.
2026-09-19 15:05:10,820 | INFO | dart_vader | Loaded extension: cogs.general
2026-09-19 15:05:10,825 | INFO | dart_vader | Loaded extension: cogs.admin
2026-09-19 15:05:10,831 | INFO | dart_vader | Loaded extension: cogs.members
2026-09-19 15:05:10,859 | INFO | dart_vader | Loaded extension: cogs.events
2026-09-19 15:05:11,033 | INFO | dart_vader | Synced command: /ping | application ID: 1525131195505971241
2026-09-19 15:05:11,034 | INFO | dart_vader | Synced command: /vader | application ID: 1525131195505971241
2026-09-19 15:05:11,035 | INFO | dart_vader | Synced command: /about | application ID: 1525131195505971241
2026-09-19 15:05:11,036 | INFO | dart_vader | Synced command: /shutdown | application ID: 1525131195505971241
2026-09-19 15:05:11,037 | INFO | dart_vader | Synced command: /register | application ID: 1525131195505971241
2026-09-19 15:05:11,037 | INFO | dart_vader | Synced command: /event-signups | application ID: 1525131195505971241
2026-09-19 15:05:11,038 | INFO | dart_vader | Synced command: /events | application ID: 1525131195505971241
2026-09-19 15:05:11,039 | INFO | dart_vader | Synced command: /create-event | application ID: 1525131195505971241
2026-09-19 15:05:11,039 | INFO | dart_vader | Synced command: /edit-event | application ID: 1525131195505971241
2026-09-19 15:05:11,040 | INFO | dart_vader | Synced command: /specific-event | application ID: 1525131195505971241
2026-09-19 15:05:11,040 | INFO | dart_vader | Synced command: /delete-event | application ID: 1525131195505971241
2026-09-19 15:05:11,041 | INFO | dart_vader | Synced command: /signup-event | application ID: 1525131195505971241
2026-09-19 15:05:11,041 | INFO | dart_vader | Synced command: /withdraw-event | application ID: 1525131195505971241
2026-09-19 15:05:11,042 | INFO | dart_vader | Synced command: /register-attendance | application ID: 1525131195505971241
2026-09-19 15:05:11,043 | INFO | dart_vader | Synced command: /announce-event | application ID: 1525131195505971241
2026-09-19 15:05:11,043 | INFO | dart_vader | Synced command: /remind-event | application ID: 1525131195505971241
2026-09-19 15:05:11,044 | INFO | dart_vader | Synchronised 16 commands to development guild 499335861289091073
2026-09-19 15:05:13,650 | INFO | dart_vader | Dart Vader is online as Dart Vader#1257 (1525131195505971241)
2026-09-19 15:05:16,375 | INFO | dart_vader | Received interaction: type=InteractionType.application_command name=shutdown user=613851811543122037 guild=499335861289091073
2026-09-19 15:05:17,070 | INFO | dart_vader | Dart Vader has shut down.
2026-09-19 15:05:23,571 | INFO | dart_vader | Loaded extension: cogs.general
2026-09-19 15:05:23,574 | INFO | dart_vader | Loaded extension: cogs.admin
2026-09-19 15:05:23,576 | INFO | dart_vader | Loaded extension: cogs.members
2026-09-19 15:05:23,602 | INFO | dart_vader | Loaded extension: cogs.events
2026-09-19 15:06:11,057 | INFO | dart_vader | Synced command: /ping | application ID: 1525131195505971241
2026-09-19 15:06:11,057 | INFO | dart_vader | Synced command: /vader | application ID: 1525131195505971241
2026-09-19 15:06:11,057 | INFO | dart_vader | Synced command: /about | application ID: 1525131195505971241
2026-09-19 15:06:11,057 | INFO | dart_vader | Synced command: /shutdown | application ID: 1525131195505971241
2026-09-19 15:06:11,058 | INFO | dart_vader | Synced command: /register | application ID: 1525131195505971241
2026-09-19 15:06:11,058 | INFO | dart_vader | Synced command: /event-signups | application ID: 1525131195505971241
2026-09-19 15:06:11,058 | INFO | dart_vader | Synced command: /events | application ID: 1525131195505971241
2026-09-19 15:06:11,058 | INFO | dart_vader | Synced command: /create-event | application ID: 1525131195505971241
2026-09-19 15:06:11,059 | INFO | dart_vader | Synced command: /edit-event | application ID: 1525131195505971241
2026-09-19 15:06:11,059 | INFO | dart_vader | Synced command: /specific-event | application ID: 1525131195505971241
2026-09-19 15:06:11,059 | INFO | dart_vader | Synced command: /delete-event | application ID: 1525131195505971241
2026-09-19 15:06:11,059 | INFO | dart_vader | Synced command: /signup-event | application ID: 1525131195505971241
2026-09-19 15:06:11,060 | INFO | dart_vader | Synced command: /withdraw-event | application ID: 1525131195505971241
2026-09-19 15:06:11,060 | INFO | dart_vader | Synced command: /register-attendance | application ID: 1525131195505971241
2026-09-19 15:06:11,060 | INFO | dart_vader | Synced command: /announce-event | application ID: 1525131195505971241
2026-09-19 15:06:11,060 | INFO | dart_vader | Synced command: /remind-event | application ID: 1525131195505971241
2026-09-19 15:06:11,060 | INFO | dart_vader | Synchronised 16 commands to development guild 499335861289091073
2026-09-19 15:06:13,511 | INFO | dart_vader | Dart Vader is online as Dart Vader#1257 (1525131195505971241)
2026-09-19 15:06:23,118 | INFO | dart_vader | Received interaction: type=InteractionType.application_command name=register user=210467588310958080 guild=499335861289091073
2026-09-19 15:06:26,584 | ERROR | dart_vader | Application command failed: AttributeError("'Members' object has no attribute 'give_member_role'")
Traceback (most recent call last):
  File "C:\Users\jenks\Documents\Dart Vader\venv\Lib\site-packages\discord\app_commands\commands.py", line 858, in _do_call
    return await self._callback(self.binding, interaction, **params)  # type: ignore
           ^^^^^^^^^^^^^^^^^^^^^^^^^^^^^^^^^^^^^^^^^^^^^^^^^^^^^^^^^
  File "C:\Users\jenks\Documents\Dart Vader\cogs\members.py", line 144, in register
    role_added = await self.give_member_role(interaction.user, reason="Completed registration")
                       ^^^^^^^^^^^^^^^^^^^^^
AttributeError: 'Members' object has no attribute 'give_member_role'
2026-09-19 15:07:52,198 | INFO | dart_vader | Dart Vader has shut down.
2026-09-19 15:08:19,912 | INFO | dart_vader | Loaded extension: cogs.general
2026-09-19 15:08:19,916 | INFO | dart_vader | Loaded extension: cogs.admin
2026-09-19 15:08:19,921 | ERROR | dart_vader | Failed to load extension: cogs.members
Traceback (most recent call last):
  File "C:\Users\jenks\Documents\Dart Vader\venv\Lib\site-packages\discord\ext\commands\bot.py", line 962, in _load_from_module_spec
    spec.loader.exec_module(lib)  # type: ignore
    ~~~~~~~~~~~~~~~~~~~~~~~^^^^^
  File "<frozen importlib._bootstrap_external>", line 755, in exec_module
  File "<frozen importlib._bootstrap_external>", line 893, in get_code
  File "<frozen importlib._bootstrap_external>", line 823, in source_to_code
  File "<frozen importlib._bootstrap>", line 491, in _call_with_frames_removed
  File "C:\Users\jenks\Documents\Dart Vader\cogs\members.py", line 24
    role_id = settings.member_role_id
    ^^^^^^^
IndentationError: expected an indented block after function definition on line 23

The above exception was the direct cause of the following exception:

Traceback (most recent call last):
  File "C:\Users\jenks\Documents\Dart Vader\bot.py", line 83, in setup_hook
    await self.load_extension(extension)
  File "C:\Users\jenks\Documents\Dart Vader\venv\Lib\site-packages\discord\ext\commands\bot.py", line 1040, in load_extension
    await self._load_from_module_spec(spec, name)
  File "C:\Users\jenks\Documents\Dart Vader\venv\Lib\site-packages\discord\ext\commands\bot.py", line 965, in _load_from_module_spec
    raise errors.ExtensionFailed(key, e) from e
discord.ext.commands.errors.ExtensionFailed: Extension 'cogs.members' raised an error: IndentationError: expected an indented block after function definition on line 23 (members.py, line 24)
2026-09-19 15:08:19,928 | ERROR | dart_vader | Dart Vader stopped unexpectedly.
Traceback (most recent call last):
  File "C:\Users\jenks\Documents\Dart Vader\venv\Lib\site-packages\discord\ext\commands\bot.py", line 962, in _load_from_module_spec
    spec.loader.exec_module(lib)  # type: ignore
    ~~~~~~~~~~~~~~~~~~~~~~~^^^^^
  File "<frozen importlib._bootstrap_external>", line 755, in exec_module
  File "<frozen importlib._bootstrap_external>", line 893, in get_code
  File "<frozen importlib._bootstrap_external>", line 823, in source_to_code
  File "<frozen importlib._bootstrap>", line 491, in _call_with_frames_removed
  File "C:\Users\jenks\Documents\Dart Vader\cogs\members.py", line 24
    role_id = settings.member_role_id
    ^^^^^^^
IndentationError: expected an indented block after function definition on line 23

The above exception was the direct cause of the following exception:

Traceback (most recent call last):
  File "C:\Users\jenks\Documents\Dart Vader\bot.py", line 176, in main
    await bot.start(settings.discord_token)
  File "C:\Users\jenks\Documents\Dart Vader\venv\Lib\site-packages\discord\client.py", line 850, in start
    await self.login(token)
  File "C:\Users\jenks\Documents\Dart Vader\venv\Lib\site-packages\discord\client.py", line 693, in login
    await self.setup_hook()
  File "C:\Users\jenks\Documents\Dart Vader\bot.py", line 83, in setup_hook
    await self.load_extension(extension)
  File "C:\Users\jenks\Documents\Dart Vader\venv\Lib\site-packages\discord\ext\commands\bot.py", line 1040, in load_extension
    await self._load_from_module_spec(spec, name)
  File "C:\Users\jenks\Documents\Dart Vader\venv\Lib\site-packages\discord\ext\commands\bot.py", line 965, in _load_from_module_spec
    raise errors.ExtensionFailed(key, e) from e
discord.ext.commands.errors.ExtensionFailed: Extension 'cogs.members' raised an error: IndentationError: expected an indented block after function definition on line 23 (members.py, line 24)
2026-09-19 15:08:19,930 | INFO | dart_vader | Dart Vader has shut down.
2026-09-19 15:09:05,294 | INFO | dart_vader | Loaded extension: cogs.general
2026-09-19 15:09:05,296 | INFO | dart_vader | Loaded extension: cogs.admin
2026-09-19 15:09:05,304 | INFO | dart_vader | Loaded extension: cogs.members
2026-09-19 15:09:05,332 | INFO | dart_vader | Loaded extension: cogs.events
2026-09-19 15:09:05,893 | INFO | dart_vader | Synced command: /ping | application ID: 1525131195505971241
2026-09-19 15:09:05,894 | INFO | dart_vader | Synced command: /vader | application ID: 1525131195505971241
2026-09-19 15:09:05,894 | INFO | dart_vader | Synced command: /about | application ID: 1525131195505971241
2026-09-19 15:09:05,894 | INFO | dart_vader | Synced command: /shutdown | application ID: 1525131195505971241
2026-09-19 15:09:05,894 | INFO | dart_vader | Synced command: /register | application ID: 1525131195505971241
2026-09-19 15:09:05,895 | INFO | dart_vader | Synced command: /event-signups | application ID: 1525131195505971241
2026-09-19 15:09:05,895 | INFO | dart_vader | Synced command: /events | application ID: 1525131195505971241
2026-09-19 15:09:05,895 | INFO | dart_vader | Synced command: /create-event | application ID: 1525131195505971241
2026-09-19 15:09:05,895 | INFO | dart_vader | Synced command: /edit-event | application ID: 1525131195505971241
2026-09-19 15:09:05,895 | INFO | dart_vader | Synced command: /specific-event | application ID: 1525131195505971241
2026-09-19 15:09:05,895 | INFO | dart_vader | Synced command: /delete-event | application ID: 1525131195505971241
2026-09-19 15:09:05,896 | INFO | dart_vader | Synced command: /signup-event | application ID: 1525131195505971241
2026-09-19 15:09:05,896 | INFO | dart_vader | Synced command: /withdraw-event | application ID: 1525131195505971241
2026-09-19 15:09:05,896 | INFO | dart_vader | Synced command: /register-attendance | application ID: 1525131195505971241
2026-09-19 15:09:05,896 | INFO | dart_vader | Synced command: /announce-event | application ID: 1525131195505971241
2026-09-19 15:09:05,897 | INFO | dart_vader | Synced command: /remind-event | application ID: 1525131195505971241
2026-09-19 15:09:05,897 | INFO | dart_vader | Synchronised 16 commands to development guild 499335861289091073
2026-09-19 15:09:08,407 | INFO | dart_vader | Dart Vader is online as Dart Vader#1257 (1525131195505971241)
2026-09-19 15:09:15,455 | INFO | dart_vader | Received interaction: type=InteractionType.application_command name=register user=210467588310958080 guild=499335861289091073
2026-09-19 15:09:16,754 | ERROR | dart_vader | Application command failed: InteractionResponded('This interaction has already been responded to before')
Traceback (most recent call last):
  File "C:\Users\jenks\Documents\Dart Vader\venv\Lib\site-packages\discord\app_commands\commands.py", line 858, in _do_call
    return await self._callback(self.binding, interaction, **params)  # type: ignore
           ^^^^^^^^^^^^^^^^^^^^^^^^^^^^^^^^^^^^^^^^^^^^^^^^^^^^^^^^^
  File "C:\Users\jenks\Documents\Dart Vader\cogs\members.py", line 150, in register
    await interaction.response.send_message("You're registered and have been given the Member role.", ephemeral=True)
  File "C:\Users\jenks\Documents\Dart Vader\venv\Lib\site-packages\discord\interactions.py", line 1057, in send_message
    raise InteractionResponded(self._parent)
discord.errors.InteractionResponded: This interaction has already been responded to before
2026-09-19 15:09:54,222 | INFO | dart_vader | Dart Vader has shut down.
2026-09-19 15:10:04,098 | INFO | dart_vader | Loaded extension: cogs.general
2026-09-19 15:10:04,103 | INFO | dart_vader | Loaded extension: cogs.admin
2026-09-19 15:10:04,105 | INFO | dart_vader | Loaded extension: cogs.members
2026-09-19 15:10:04,138 | INFO | dart_vader | Loaded extension: cogs.events
2026-09-19 15:10:04,329 | INFO | dart_vader | Synced command: /ping | application ID: 1525131195505971241
2026-09-19 15:10:04,330 | INFO | dart_vader | Synced command: /vader | application ID: 1525131195505971241
2026-09-19 15:10:04,330 | INFO | dart_vader | Synced command: /about | application ID: 1525131195505971241
2026-09-19 15:10:04,331 | INFO | dart_vader | Synced command: /shutdown | application ID: 1525131195505971241
2026-09-19 15:10:04,332 | INFO | dart_vader | Synced command: /register | application ID: 1525131195505971241
2026-09-19 15:10:04,332 | INFO | dart_vader | Synced command: /event-signups | application ID: 1525131195505971241
2026-09-19 15:10:04,333 | INFO | dart_vader | Synced command: /events | application ID: 1525131195505971241
2026-09-19 15:10:04,334 | INFO | dart_vader | Synced command: /create-event | application ID: 1525131195505971241
2026-09-19 15:10:04,335 | INFO | dart_vader | Synced command: /edit-event | application ID: 1525131195505971241
2026-09-19 15:10:04,335 | INFO | dart_vader | Synced command: /specific-event | application ID: 1525131195505971241
2026-09-19 15:10:04,336 | INFO | dart_vader | Synced command: /delete-event | application ID: 1525131195505971241
2026-09-19 15:10:04,336 | INFO | dart_vader | Synced command: /signup-event | application ID: 1525131195505971241
2026-09-19 15:10:04,337 | INFO | dart_vader | Synced command: /withdraw-event | application ID: 1525131195505971241
2026-09-19 15:10:04,338 | INFO | dart_vader | Synced command: /register-attendance | application ID: 1525131195505971241
2026-09-19 15:10:04,338 | INFO | dart_vader | Synced command: /announce-event | application ID: 1525131195505971241
2026-09-19 15:10:04,339 | INFO | dart_vader | Synced command: /remind-event | application ID: 1525131195505971241
2026-09-19 15:10:04,339 | INFO | dart_vader | Synchronised 16 commands to development guild 499335861289091073
2026-09-19 15:10:06,865 | INFO | dart_vader | Dart Vader is online as Dart Vader#1257 (1525131195505971241)
2026-09-19 15:10:19,770 | INFO | dart_vader | Received interaction: type=InteractionType.application_command name=register user=210467588310958080 guild=499335861289091073
2026-09-19 15:10:21,736 | ERROR | dart_vader | Application command failed: InteractionResponded('This interaction has already been responded to before')
Traceback (most recent call last):
  File "C:\Users\jenks\Documents\Dart Vader\venv\Lib\site-packages\discord\app_commands\commands.py", line 858, in _do_call
    return await self._callback(self.binding, interaction, **params)  # type: ignore
           ^^^^^^^^^^^^^^^^^^^^^^^^^^^^^^^^^^^^^^^^^^^^^^^^^^^^^^^^^
  File "C:\Users\jenks\Documents\Dart Vader\cogs\members.py", line 150, in register
    await interaction.response.send_message("You're registered and have been given the Member role.", ephemeral=True)
  File "C:\Users\jenks\Documents\Dart Vader\venv\Lib\site-packages\discord\interactions.py", line 1057, in send_message
    raise InteractionResponded(self._parent)
discord.errors.InteractionResponded: This interaction has already been responded to before
2026-09-19 15:11:13,993 | INFO | dart_vader | Received interaction: type=InteractionType.application_command name=register user=613851811543122037 guild=499335861289091073
2026-09-19 15:13:02,454 | INFO | dart_vader | Received interaction: type=InteractionType.application_command name=shutdown user=613851811543122037 guild=499335861289091073
2026-09-19 15:13:02,714 | INFO | dart_vader | Dart Vader has shut down.
2026-09-19 15:13:14,373 | INFO | dart_vader | Loaded extension: cogs.general
2026-09-19 15:13:14,376 | INFO | dart_vader | Loaded extension: cogs.admin
2026-09-19 15:13:14,378 | INFO | dart_vader | Loaded extension: cogs.members
2026-09-19 15:13:14,404 | INFO | dart_vader | Loaded extension: cogs.events
2026-09-19 15:13:14,607 | INFO | dart_vader | Synced command: /ping | application ID: 1525131195505971241
2026-09-19 15:13:14,607 | INFO | dart_vader | Synced command: /vader | application ID: 1525131195505971241
2026-09-19 15:13:14,608 | INFO | dart_vader | Synced command: /about | application ID: 1525131195505971241
2026-09-19 15:13:14,609 | INFO | dart_vader | Synced command: /shutdown | application ID: 1525131195505971241
2026-09-19 15:13:14,610 | INFO | dart_vader | Synced command: /register | application ID: 1525131195505971241
2026-09-19 15:13:14,610 | INFO | dart_vader | Synced command: /event-signups | application ID: 1525131195505971241
2026-09-19 15:13:14,611 | INFO | dart_vader | Synced command: /events | application ID: 1525131195505971241
2026-09-19 15:13:14,612 | INFO | dart_vader | Synced command: /create-event | application ID: 1525131195505971241
2026-09-19 15:13:14,612 | INFO | dart_vader | Synced command: /edit-event | application ID: 1525131195505971241
2026-09-19 15:13:14,613 | INFO | dart_vader | Synced command: /specific-event | application ID: 1525131195505971241
2026-09-19 15:13:14,614 | INFO | dart_vader | Synced command: /delete-event | application ID: 1525131195505971241
2026-09-19 15:13:14,614 | INFO | dart_vader | Synced command: /signup-event | application ID: 1525131195505971241
2026-09-19 15:13:14,615 | INFO | dart_vader | Synced command: /withdraw-event | application ID: 1525131195505971241
2026-09-19 15:13:14,616 | INFO | dart_vader | Synced command: /register-attendance | application ID: 1525131195505971241
2026-09-19 15:13:14,616 | INFO | dart_vader | Synced command: /announce-event | application ID: 1525131195505971241
2026-09-19 15:13:14,617 | INFO | dart_vader | Synced command: /remind-event | application ID: 1525131195505971241
2026-09-19 15:13:14,617 | INFO | dart_vader | Synchronised 16 commands to development guild 499335861289091073
2026-09-19 15:13:17,276 | INFO | dart_vader | Dart Vader is online as Dart Vader#1257 (1525131195505971241)
2026-09-19 15:13:25,873 | INFO | dart_vader | Received interaction: type=InteractionType.application_command name=register user=613851811543122037 guild=499335861289091073
2026-09-19 15:15:15,761 | INFO | dart_vader | Dart Vader has shut down.
2026-09-19 15:15:26,186 | INFO | dart_vader | Loaded extension: cogs.general
2026-09-19 15:15:26,190 | INFO | dart_vader | Loaded extension: cogs.admin
2026-09-19 15:15:26,192 | INFO | dart_vader | Loaded extension: cogs.members
2026-09-19 15:15:26,220 | INFO | dart_vader | Loaded extension: cogs.events
2026-09-19 15:15:26,452 | INFO | dart_vader | Synced command: /ping | application ID: 1525131195505971241
2026-09-19 15:15:26,452 | INFO | dart_vader | Synced command: /vader | application ID: 1525131195505971241
2026-09-19 15:15:26,452 | INFO | dart_vader | Synced command: /about | application ID: 1525131195505971241
2026-09-19 15:15:26,453 | INFO | dart_vader | Synced command: /shutdown | application ID: 1525131195505971241
2026-09-19 15:15:26,453 | INFO | dart_vader | Synced command: /register | application ID: 1525131195505971241
2026-09-19 15:15:26,454 | INFO | dart_vader | Synced command: /event-signups | application ID: 1525131195505971241
2026-09-19 15:15:26,454 | INFO | dart_vader | Synced command: /events | application ID: 1525131195505971241
2026-09-19 15:15:26,454 | INFO | dart_vader | Synced command: /create-event | application ID: 1525131195505971241
2026-09-19 15:15:26,454 | INFO | dart_vader | Synced command: /edit-event | application ID: 1525131195505971241
2026-09-19 15:15:26,454 | INFO | dart_vader | Synced command: /specific-event | application ID: 1525131195505971241
2026-09-19 15:15:26,455 | INFO | dart_vader | Synced command: /delete-event | application ID: 1525131195505971241
2026-09-19 15:15:26,455 | INFO | dart_vader | Synced command: /signup-event | application ID: 1525131195505971241
2026-09-19 15:15:26,455 | INFO | dart_vader | Synced command: /withdraw-event | application ID: 1525131195505971241
2026-09-19 15:15:26,456 | INFO | dart_vader | Synced command: /register-attendance | application ID: 1525131195505971241
2026-09-19 15:15:26,456 | INFO | dart_vader | Synced command: /announce-event | application ID: 1525131195505971241
2026-09-19 15:15:26,456 | INFO | dart_vader | Synced command: /remind-event | application ID: 1525131195505971241
2026-09-19 15:15:26,456 | INFO | dart_vader | Synchronised 16 commands to development guild 499335861289091073
2026-09-19 15:15:29,693 | INFO | dart_vader | Dart Vader is online as Dart Vader#1257 (1525131195505971241)
2026-09-19 15:15:48,695 | INFO | dart_vader | Received interaction: type=InteractionType.application_command name=register user=613851811543122037 guild=499335861289091073
2026-09-19 15:17:36,824 | INFO | dart_vader | Dart Vader has shut down.
2026-09-19 15:17:44,956 | INFO | dart_vader | Loaded extension: cogs.general
2026-09-19 15:17:44,959 | INFO | dart_vader | Loaded extension: cogs.admin
2026-09-19 15:17:44,966 | INFO | dart_vader | Loaded extension: cogs.members
2026-09-19 15:17:44,992 | INFO | dart_vader | Loaded extension: cogs.events
2026-09-19 15:17:45,181 | INFO | dart_vader | Synced command: /ping | application ID: 1525131195505971241
2026-09-19 15:17:45,182 | INFO | dart_vader | Synced command: /vader | application ID: 1525131195505971241
2026-09-19 15:17:45,183 | INFO | dart_vader | Synced command: /about | application ID: 1525131195505971241
2026-09-19 15:17:45,184 | INFO | dart_vader | Synced command: /shutdown | application ID: 1525131195505971241
2026-09-19 15:17:45,184 | INFO | dart_vader | Synced command: /register | application ID: 1525131195505971241
2026-09-19 15:17:45,185 | INFO | dart_vader | Synced command: /event-signups | application ID: 1525131195505971241
2026-09-19 15:17:45,186 | INFO | dart_vader | Synced command: /events | application ID: 1525131195505971241
2026-09-19 15:17:45,186 | INFO | dart_vader | Synced command: /create-event | application ID: 1525131195505971241
2026-09-19 15:17:45,188 | INFO | dart_vader | Synced command: /edit-event | application ID: 1525131195505971241
2026-09-19 15:17:45,188 | INFO | dart_vader | Synced command: /specific-event | application ID: 1525131195505971241
2026-09-19 15:17:45,189 | INFO | dart_vader | Synced command: /delete-event | application ID: 1525131195505971241
2026-09-19 15:17:45,189 | INFO | dart_vader | Synced command: /signup-event | application ID: 1525131195505971241
2026-09-19 15:17:45,190 | INFO | dart_vader | Synced command: /withdraw-event | application ID: 1525131195505971241
2026-09-19 15:17:45,191 | INFO | dart_vader | Synced command: /register-attendance | application ID: 1525131195505971241
2026-09-19 15:17:45,191 | INFO | dart_vader | Synced command: /announce-event | application ID: 1525131195505971241
2026-09-19 15:17:45,192 | INFO | dart_vader | Synced command: /remind-event | application ID: 1525131195505971241
2026-09-19 15:17:45,193 | INFO | dart_vader | Synchronised 16 commands to development guild 499335861289091073
2026-09-19 15:17:48,371 | INFO | dart_vader | Dart Vader is online as Dart Vader#1257 (1525131195505971241)
2026-09-19 15:18:20,811 | INFO | dart_vader | Received interaction: type=InteractionType.application_command name=register user=613851811543122037 guild=499335861289091073
2026-09-19 15:18:22,661 | ERROR | dart_vader | Application command failed: InteractionResponded('This interaction has already been responded to before')
Traceback (most recent call last):
  File "C:\Users\jenks\Documents\Dart Vader\venv\Lib\site-packages\discord\app_commands\commands.py", line 858, in _do_call
    return await self._callback(self.binding, interaction, **params)  # type: ignore
           ^^^^^^^^^^^^^^^^^^^^^^^^^^^^^^^^^^^^^^^^^^^^^^^^^^^^^^^^^
  File "C:\Users\jenks\Documents\Dart Vader\cogs\members.py", line 104, in register
    await interaction.response.send_message("You're registered and have been given the Member role.", ephemeral=True)
  File "C:\Users\jenks\Documents\Dart Vader\venv\Lib\site-packages\discord\interactions.py", line 1057, in send_message
    raise InteractionResponded(self._parent)
discord.errors.InteractionResponded: This interaction has already been responded to before
2026-09-19 15:18:58,149 | INFO | dart_vader | Received interaction: type=InteractionType.application_command name=register user=210467588310958080 guild=499335861289091073
2026-09-19 15:18:58,811 | ERROR | dart_vader | Application command failed: InteractionResponded('This interaction has already been responded to before')
Traceback (most recent call last):
  File "C:\Users\jenks\Documents\Dart Vader\venv\Lib\site-packages\discord\app_commands\commands.py", line 858, in _do_call
    return await self._callback(self.binding, interaction, **params)  # type: ignore
           ^^^^^^^^^^^^^^^^^^^^^^^^^^^^^^^^^^^^^^^^^^^^^^^^^^^^^^^^^
  File "C:\Users\jenks\Documents\Dart Vader\cogs\members.py", line 104, in register
    await interaction.response.send_message("You're registered and have been given the Member role.", ephemeral=True)
  File "C:\Users\jenks\Documents\Dart Vader\venv\Lib\site-packages\discord\interactions.py", line 1057, in send_message
    raise InteractionResponded(self._parent)
discord.errors.InteractionResponded: This interaction has already been responded to before
2026-09-19 15:20:27,053 | INFO | dart_vader | Received interaction: type=InteractionType.application_command name=shutdown user=613851811543122037 guild=499335861289091073
2026-09-19 15:20:29,342 | INFO | dart_vader | Dart Vader has shut down.
2026-09-19 15:20:42,802 | INFO | dart_vader | Loaded extension: cogs.general
2026-09-19 15:20:42,807 | INFO | dart_vader | Loaded extension: cogs.admin
2026-09-19 15:20:42,809 | INFO | dart_vader | Loaded extension: cogs.members
2026-09-19 15:20:42,834 | INFO | dart_vader | Loaded extension: cogs.events
2026-09-19 15:20:43,030 | INFO | dart_vader | Synced command: /ping | application ID: 1525131195505971241
2026-09-19 15:20:43,031 | INFO | dart_vader | Synced command: /vader | application ID: 1525131195505971241
2026-09-19 15:20:43,032 | INFO | dart_vader | Synced command: /about | application ID: 1525131195505971241
2026-09-19 15:20:43,033 | INFO | dart_vader | Synced command: /shutdown | application ID: 1525131195505971241
2026-09-19 15:20:43,033 | INFO | dart_vader | Synced command: /register | application ID: 1525131195505971241
2026-09-19 15:20:43,034 | INFO | dart_vader | Synced command: /event-signups | application ID: 1525131195505971241
2026-09-19 15:20:43,035 | INFO | dart_vader | Synced command: /events | application ID: 1525131195505971241
2026-09-19 15:20:43,036 | INFO | dart_vader | Synced command: /create-event | application ID: 1525131195505971241
2026-09-19 15:20:43,036 | INFO | dart_vader | Synced command: /edit-event | application ID: 1525131195505971241
2026-09-19 15:20:43,037 | INFO | dart_vader | Synced command: /specific-event | application ID: 1525131195505971241
2026-09-19 15:20:43,037 | INFO | dart_vader | Synced command: /delete-event | application ID: 1525131195505971241
2026-09-19 15:20:43,038 | INFO | dart_vader | Synced command: /signup-event | application ID: 1525131195505971241
2026-09-19 15:20:43,039 | INFO | dart_vader | Synced command: /withdraw-event | application ID: 1525131195505971241
2026-09-19 15:20:43,039 | INFO | dart_vader | Synced command: /register-attendance | application ID: 1525131195505971241
2026-09-19 15:20:43,040 | INFO | dart_vader | Synced command: /announce-event | application ID: 1525131195505971241
2026-09-19 15:20:43,040 | INFO | dart_vader | Synced command: /remind-event | application ID: 1525131195505971241
2026-09-19 15:20:43,041 | INFO | dart_vader | Synchronised 16 commands to development guild 499335861289091073
2026-09-19 15:20:45,466 | INFO | dart_vader | Dart Vader is online as Dart Vader#1257 (1525131195505971241)
2026-09-19 15:21:05,624 | INFO | dart_vader | Received interaction: type=InteractionType.application_command name=register user=613851811543122037 guild=499335861289091073
2026-09-19 15:21:06,407 | ERROR | dart_vader | Application command failed: InteractionResponded('This interaction has already been responded to before')
Traceback (most recent call last):
  File "C:\Users\jenks\Documents\Dart Vader\venv\Lib\site-packages\discord\app_commands\commands.py", line 858, in _do_call
    return await self._callback(self.binding, interaction, **params)  # type: ignore
           ^^^^^^^^^^^^^^^^^^^^^^^^^^^^^^^^^^^^^^^^^^^^^^^^^^^^^^^^^
  File "C:\Users\jenks\Documents\Dart Vader\cogs\members.py", line 104, in register
    await interaction.response.send_message("You're registered and have been given the Member role.", ephemeral=True)
  File "C:\Users\jenks\Documents\Dart Vader\venv\Lib\site-packages\discord\interactions.py", line 1057, in send_message
    raise InteractionResponded(self._parent)
discord.errors.InteractionResponded: This interaction has already been responded to before
2026-09-19 15:21:17,937 | INFO | dart_vader | Dart Vader has shut down.
2026-09-19 15:21:28,881 | INFO | dart_vader | Loaded extension: cogs.general
2026-09-19 15:21:28,885 | INFO | dart_vader | Loaded extension: cogs.admin
2026-09-19 15:21:28,887 | INFO | dart_vader | Loaded extension: cogs.members
2026-09-19 15:21:28,913 | INFO | dart_vader | Loaded extension: cogs.events
2026-09-19 15:21:29,096 | INFO | dart_vader | Synced command: /ping | application ID: 1525131195505971241
2026-09-19 15:21:29,097 | INFO | dart_vader | Synced command: /vader | application ID: 1525131195505971241
2026-09-19 15:21:29,097 | INFO | dart_vader | Synced command: /about | application ID: 1525131195505971241
2026-09-19 15:21:29,098 | INFO | dart_vader | Synced command: /shutdown | application ID: 1525131195505971241
2026-09-19 15:21:29,098 | INFO | dart_vader | Synced command: /register | application ID: 1525131195505971241
2026-09-19 15:21:29,099 | INFO | dart_vader | Synced command: /event-signups | application ID: 1525131195505971241
2026-09-19 15:21:29,099 | INFO | dart_vader | Synced command: /events | application ID: 1525131195505971241
2026-09-19 15:21:29,100 | INFO | dart_vader | Synced command: /create-event | application ID: 1525131195505971241
2026-09-19 15:21:29,100 | INFO | dart_vader | Synced command: /edit-event | application ID: 1525131195505971241
2026-09-19 15:21:29,101 | INFO | dart_vader | Synced command: /specific-event | application ID: 1525131195505971241
2026-09-19 15:21:29,101 | INFO | dart_vader | Synced command: /delete-event | application ID: 1525131195505971241
2026-09-19 15:21:29,101 | INFO | dart_vader | Synced command: /signup-event | application ID: 1525131195505971241
2026-09-19 15:21:29,102 | INFO | dart_vader | Synced command: /withdraw-event | application ID: 1525131195505971241
2026-09-19 15:21:29,102 | INFO | dart_vader | Synced command: /register-attendance | application ID: 1525131195505971241
2026-09-19 15:21:29,103 | INFO | dart_vader | Synced command: /announce-event | application ID: 1525131195505971241
2026-09-19 15:21:29,103 | INFO | dart_vader | Synced command: /remind-event | application ID: 1525131195505971241
2026-09-19 15:21:29,103 | INFO | dart_vader | Synchronised 16 commands to development guild 499335861289091073
2026-09-19 15:21:31,662 | INFO | dart_vader | Dart Vader is online as Dart Vader#1257 (1525131195505971241)
2026-09-19 15:21:42,360 | INFO | dart_vader | Received interaction: type=InteractionType.application_command name=register user=613851811543122037 guild=499335861289091073
2026-09-19 15:21:43,169 | ERROR | dart_vader | Application command failed: InteractionResponded('This interaction has already been responded to before')
Traceback (most recent call last):
  File "C:\Users\jenks\Documents\Dart Vader\venv\Lib\site-packages\discord\app_commands\commands.py", line 858, in _do_call
    return await self._callback(self.binding, interaction, **params)  # type: ignore
           ^^^^^^^^^^^^^^^^^^^^^^^^^^^^^^^^^^^^^^^^^^^^^^^^^^^^^^^^^
  File "C:\Users\jenks\Documents\Dart Vader\cogs\members.py", line 104, in register
    await interaction.response.send_message("You're registered and have been given the Member role.", ephemeral=True)
  File "C:\Users\jenks\Documents\Dart Vader\venv\Lib\site-packages\discord\interactions.py", line 1057, in send_message
    raise InteractionResponded(self._parent)
discord.errors.InteractionResponded: This interaction has already been responded to before
2026-09-19 15:23:06,903 | INFO | dart_vader | Dart Vader has shut down.
2026-09-19 15:23:13,434 | INFO | dart_vader | Loaded extension: cogs.general
2026-09-19 15:23:13,438 | INFO | dart_vader | Loaded extension: cogs.admin
2026-09-19 15:23:13,444 | INFO | dart_vader | Loaded extension: cogs.members
2026-09-19 15:23:13,471 | INFO | dart_vader | Loaded extension: cogs.events
2026-09-19 15:23:13,746 | INFO | dart_vader | Synced command: /ping | application ID: 1525131195505971241
2026-09-19 15:23:13,747 | INFO | dart_vader | Synced command: /vader | application ID: 1525131195505971241
2026-09-19 15:23:13,747 | INFO | dart_vader | Synced command: /about | application ID: 1525131195505971241
2026-09-19 15:23:13,747 | INFO | dart_vader | Synced command: /shutdown | application ID: 1525131195505971241
2026-09-19 15:23:13,748 | INFO | dart_vader | Synced command: /register | application ID: 1525131195505971241
2026-09-19 15:23:13,748 | INFO | dart_vader | Synced command: /event-signups | application ID: 1525131195505971241
2026-09-19 15:23:13,748 | INFO | dart_vader | Synced command: /events | application ID: 1525131195505971241
2026-09-19 15:23:13,748 | INFO | dart_vader | Synced command: /create-event | application ID: 1525131195505971241
2026-09-19 15:23:13,748 | INFO | dart_vader | Synced command: /edit-event | application ID: 1525131195505971241
2026-09-19 15:23:13,749 | INFO | dart_vader | Synced command: /specific-event | application ID: 1525131195505971241
2026-09-19 15:23:13,749 | INFO | dart_vader | Synced command: /delete-event | application ID: 1525131195505971241
2026-09-19 15:23:13,749 | INFO | dart_vader | Synced command: /signup-event | application ID: 1525131195505971241
2026-09-19 15:23:13,749 | INFO | dart_vader | Synced command: /withdraw-event | application ID: 1525131195505971241
2026-09-19 15:23:13,749 | INFO | dart_vader | Synced command: /register-attendance | application ID: 1525131195505971241
2026-09-19 15:23:13,750 | INFO | dart_vader | Synced command: /announce-event | application ID: 1525131195505971241
2026-09-19 15:23:13,750 | INFO | dart_vader | Synced command: /remind-event | application ID: 1525131195505971241
2026-09-19 15:23:13,750 | INFO | dart_vader | Synchronised 16 commands to development guild 499335861289091073
2026-09-19 15:23:16,219 | INFO | dart_vader | Dart Vader is online as Dart Vader#1257 (1525131195505971241)
2026-09-19 15:23:37,748 | INFO | dart_vader | Received interaction: type=InteractionType.application_command name=register user=210467588310958080 guild=499335861289091073
2026-09-19 15:24:48,042 | INFO | dart_vader | Dart Vader has shut down.
2026-09-19 15:24:54,644 | INFO | dart_vader | Loaded extension: cogs.general
2026-09-19 15:24:54,647 | INFO | dart_vader | Loaded extension: cogs.admin
2026-09-19 15:24:54,655 | INFO | dart_vader | Loaded extension: cogs.members
2026-09-19 15:24:54,681 | INFO | dart_vader | Loaded extension: cogs.events
2026-09-19 15:24:54,864 | INFO | dart_vader | Synced command: /ping | application ID: 1525131195505971241
2026-09-19 15:24:54,864 | INFO | dart_vader | Synced command: /vader | application ID: 1525131195505971241
2026-09-19 15:24:54,864 | INFO | dart_vader | Synced command: /about | application ID: 1525131195505971241
2026-09-19 15:24:54,865 | INFO | dart_vader | Synced command: /shutdown | application ID: 1525131195505971241
2026-09-19 15:24:54,865 | INFO | dart_vader | Synced command: /register | application ID: 1525131195505971241
2026-09-19 15:24:54,865 | INFO | dart_vader | Synced command: /event-signups | application ID: 1525131195505971241
2026-09-19 15:24:54,865 | INFO | dart_vader | Synced command: /events | application ID: 1525131195505971241
2026-09-19 15:24:54,865 | INFO | dart_vader | Synced command: /create-event | application ID: 1525131195505971241
2026-09-19 15:24:54,866 | INFO | dart_vader | Synced command: /edit-event | application ID: 1525131195505971241
2026-09-19 15:24:54,866 | INFO | dart_vader | Synced command: /specific-event | application ID: 1525131195505971241
2026-09-19 15:24:54,866 | INFO | dart_vader | Synced command: /delete-event | application ID: 1525131195505971241
2026-09-19 15:24:54,866 | INFO | dart_vader | Synced command: /signup-event | application ID: 1525131195505971241
2026-09-19 15:24:54,866 | INFO | dart_vader | Synced command: /withdraw-event | application ID: 1525131195505971241
2026-09-19 15:24:54,866 | INFO | dart_vader | Synced command: /register-attendance | application ID: 1525131195505971241
2026-09-19 15:24:54,866 | INFO | dart_vader | Synced command: /announce-event | application ID: 1525131195505971241
2026-09-19 15:24:54,867 | INFO | dart_vader | Synced command: /remind-event | application ID: 1525131195505971241
2026-09-19 15:24:54,867 | INFO | dart_vader | Synchronised 16 commands to development guild 499335861289091073
2026-09-19 15:24:59,069 | INFO | dart_vader | Dart Vader is online as Dart Vader#1257 (1525131195505971241)
2026-09-19 15:25:11,699 | INFO | dart_vader | Received interaction: type=InteractionType.application_command name=register user=210467588310958080 guild=499335861289091073
2026-09-19 15:25:17,361 | INFO | dart_vader | Received interaction: type=InteractionType.application_command name=register user=613851811543122037 guild=499335861289091073
2026-09-19 15:26:19,899 | ERROR | dart_vader | Application command failed: TypeError("EventRepository.create() got an unexpected keyword argument 'event_id'")
Traceback (most recent call last):
  File "C:\Users\jenks\Documents\Dart Vader\venv\Lib\site-packages\discord\app_commands\commands.py", line 858, in _do_call
    return await self._callback(self.binding, interaction, **params)  # type: ignore
           ^^^^^^^^^^^^^^^^^^^^^^^^^^^^^^^^^^^^^^^^^^^^^^^^^^^^^^^^^
  File "C:\Users\jenks\Documents\Dart Vader\cogs\events.py", line 301, in create_event
    event = await self.event_service.create_event(
            ^^^^^^^^^^^^^^^^^^^^^^^^^^^^^^^^^^^^^^
    ...<10 lines>...
    )
    ^
  File "C:\Users\jenks\Documents\Dart Vader\services\event_service.py", line 304, in create_event
    return await self.repository.create(
                 ~~~~~~~~~~~~~~~~~~~~~~^
        guild_id=guild_id,
        ^^^^^^^^^^^^^^^^^^
    ...<9 lines>...
        created_by_discord_id=created_by_discord_id,
        ^^^^^^^^^^^^^^^^^^^^^^^^^^^^^^^^^^^^^^^^^^^^
    )
    ^
TypeError: EventRepository.create() got an unexpected keyword argument 'event_id'
2026-09-19 15:26:19,903 | INFO | dart_vader | Received interaction: type=InteractionType.application_command name=create-event user=613851811543122037 guild=499335861289091073
2026-09-19 15:26:51,393 | ERROR | dart_vader | Application command failed: MissingRole('Role 667783855419162625 is required to run this command.')
Traceback (most recent call last):
  File "C:\Users\jenks\Documents\Dart Vader\venv\Lib\site-packages\discord\app_commands\tree.py", line 1302, in _call
    await command._invoke_with_namespace(interaction, namespace)
  File "C:\Users\jenks\Documents\Dart Vader\venv\Lib\site-packages\discord\app_commands\commands.py", line 880, in _invoke_with_namespace
    if not await self._check_can_run(interaction):
           ^^^^^^^^^^^^^^^^^^^^^^^^^^^^^^^^^^^^^^
  File "C:\Users\jenks\Documents\Dart Vader\venv\Lib\site-packages\discord\app_commands\commands.py", line 1018, in _check_can_run
    return await async_all(f(interaction) for f in predicates)  # type: ignore
           ^^^^^^^^^^^^^^^^^^^^^^^^^^^^^^^^^^^^^^^^^^^^^^^^^^^
  File "C:\Users\jenks\Documents\Dart Vader\venv\Lib\site-packages\discord\utils.py", line 725, in async_all
    elem = await elem
           ^^^^^^^^^^
  File "C:\Users\jenks\Documents\Dart Vader\utils\checks.py", line 35, in predicate
    raise app_commands.MissingRole(role_id)
discord.app_commands.errors.MissingRole: Role 667783855419162625 is required to run this command.
2026-09-19 15:26:51,403 | INFO | dart_vader | Received interaction: type=InteractionType.application_command name=ping user=210467588310958080 guild=499335861289091073
2026-09-19 15:27:38,518 | INFO | dart_vader | Ping command used by user 210467588310958080 in guild 499335861289091073
2026-09-19 15:27:38,519 | INFO | dart_vader | Received interaction: type=InteractionType.application_command name=ping user=210467588310958080 guild=499335861289091073
2026-09-19 15:28:07,832 | INFO | dart_vader | Received interaction: type=InteractionType.application_command name=vader user=210467588310958080 guild=499335861289091073
2026-09-19 15:28:44,166 | INFO | dart_vader | Received interaction: type=InteractionType.application_command name=about user=210467588310958080 guild=499335861289091073
2026-09-19 15:29:14,233 | INFO | dart_vader | Received interaction: type=InteractionType.application_command name=shutdown user=210467588310958080 guild=499335861289091073
2026-09-19 15:29:14,500 | ERROR | dart_vader | Application command failed: MissingPermissions('You are missing Administrator permission(s) to run this command.')
Traceback (most recent call last):
  File "C:\Users\jenks\Documents\Dart Vader\venv\Lib\site-packages\discord\app_commands\tree.py", line 1302, in _call
    await command._invoke_with_namespace(interaction, namespace)
  File "C:\Users\jenks\Documents\Dart Vader\venv\Lib\site-packages\discord\app_commands\commands.py", line 880, in _invoke_with_namespace
    if not await self._check_can_run(interaction):
           ^^^^^^^^^^^^^^^^^^^^^^^^^^^^^^^^^^^^^^
  File "C:\Users\jenks\Documents\Dart Vader\venv\Lib\site-packages\discord\app_commands\commands.py", line 1018, in _check_can_run
    return await async_all(f(interaction) for f in predicates)  # type: ignore
           ^^^^^^^^^^^^^^^^^^^^^^^^^^^^^^^^^^^^^^^^^^^^^^^^^^^
  File "C:\Users\jenks\Documents\Dart Vader\venv\Lib\site-packages\discord\utils.py", line 723, in async_all
    for elem in gen:
                ^^^
  File "C:\Users\jenks\Documents\Dart Vader\venv\Lib\site-packages\discord\app_commands\commands.py", line 1018, in <genexpr>
    return await async_all(f(interaction) for f in predicates)  # type: ignore
                           ~^^^^^^^^^^^^^
  File "C:\Users\jenks\Documents\Dart Vader\venv\Lib\site-packages\discord\app_commands\checks.py", line 340, in predicate
    raise MissingPermissions(missing)
discord.app_commands.errors.MissingPermissions: You are missing Administrator permission(s) to run this command.
2026-09-19 15:29:50,594 | INFO | dart_vader | Received interaction: type=InteractionType.application_command name=events user=613851811543122037 guild=499335861289091073
2026-09-19 15:30:37,586 | ERROR | dart_vader | Application command failed: TypeError("EventRepository.create() got an unexpected keyword argument 'event_id'")
Traceback (most recent call last):
  File "C:\Users\jenks\Documents\Dart Vader\venv\Lib\site-packages\discord\app_commands\commands.py", line 858, in _do_call
    return await self._callback(self.binding, interaction, **params)  # type: ignore
           ^^^^^^^^^^^^^^^^^^^^^^^^^^^^^^^^^^^^^^^^^^^^^^^^^^^^^^^^^
  File "C:\Users\jenks\Documents\Dart Vader\cogs\events.py", line 301, in create_event
    event = await self.event_service.create_event(
            ^^^^^^^^^^^^^^^^^^^^^^^^^^^^^^^^^^^^^^
    ...<10 lines>...
    )
    ^
  File "C:\Users\jenks\Documents\Dart Vader\services\event_service.py", line 304, in create_event
    return await self.repository.create(
                 ~~~~~~~~~~~~~~~~~~~~~~^
        guild_id=guild_id,
        ^^^^^^^^^^^^^^^^^^
    ...<9 lines>...
        created_by_discord_id=created_by_discord_id,
        ^^^^^^^^^^^^^^^^^^^^^^^^^^^^^^^^^^^^^^^^^^^^
    )
    ^
TypeError: EventRepository.create() got an unexpected keyword argument 'event_id'
2026-09-19 15:30:37,589 | INFO | dart_vader | Received interaction: type=InteractionType.application_command name=create-event user=613851811543122037 guild=499335861289091073
2026-09-19 15:31:25,806 | INFO | dart_vader | Dart Vader has shut down.
2026-09-19 15:31:28,092 | INFO | dart_vader | Loaded extension: cogs.general
2026-09-19 15:31:28,107 | INFO | dart_vader | Loaded extension: cogs.admin
2026-09-19 15:31:28,115 | INFO | dart_vader | Loaded extension: cogs.members
2026-09-19 15:31:28,156 | INFO | dart_vader | Loaded extension: cogs.events
2026-09-19 15:31:28,344 | INFO | dart_vader | Synced command: /ping | application ID: 1525131195505971241
2026-09-19 15:31:28,345 | INFO | dart_vader | Synced command: /vader | application ID: 1525131195505971241
2026-09-19 15:31:28,345 | INFO | dart_vader | Synced command: /about | application ID: 1525131195505971241
2026-09-19 15:31:28,346 | INFO | dart_vader | Synced command: /shutdown | application ID: 1525131195505971241
2026-09-19 15:31:28,346 | INFO | dart_vader | Synced command: /register | application ID: 1525131195505971241
2026-09-19 15:31:28,346 | INFO | dart_vader | Synced command: /event-signups | application ID: 1525131195505971241
2026-09-19 15:31:28,347 | INFO | dart_vader | Synced command: /events | application ID: 1525131195505971241
2026-09-19 15:31:28,347 | INFO | dart_vader | Synced command: /create-event | application ID: 1525131195505971241
2026-09-19 15:31:28,347 | INFO | dart_vader | Synced command: /edit-event | application ID: 1525131195505971241
2026-09-19 15:31:28,348 | INFO | dart_vader | Synced command: /specific-event | application ID: 1525131195505971241
2026-09-19 15:31:28,348 | INFO | dart_vader | Synced command: /delete-event | application ID: 1525131195505971241
2026-09-19 15:31:28,348 | INFO | dart_vader | Synced command: /signup-event | application ID: 1525131195505971241
2026-09-19 15:31:28,348 | INFO | dart_vader | Synced command: /withdraw-event | application ID: 1525131195505971241
2026-09-19 15:31:28,349 | INFO | dart_vader | Synced command: /register-attendance | application ID: 1525131195505971241
2026-09-19 15:31:28,349 | INFO | dart_vader | Synced command: /announce-event | application ID: 1525131195505971241
2026-09-19 15:31:28,349 | INFO | dart_vader | Synced command: /remind-event | application ID: 1525131195505971241
2026-09-19 15:31:28,349 | INFO | dart_vader | Synchronised 16 commands to development guild 499335861289091073
2026-09-19 15:31:30,908 | INFO | dart_vader | Dart Vader is online as Dart Vader#1257 (1525131195505971241)
2026-09-19 15:31:33,876 | ERROR | dart_vader | Application command failed: TypeError("EventRepository.create() got an unexpected keyword argument 'event_id'")
Traceback (most recent call last):
  File "C:\Users\jenks\Documents\Dart Vader\venv\Lib\site-packages\discord\app_commands\commands.py", line 858, in _do_call
    return await self._callback(self.binding, interaction, **params)  # type: ignore
           ^^^^^^^^^^^^^^^^^^^^^^^^^^^^^^^^^^^^^^^^^^^^^^^^^^^^^^^^^
  File "C:\Users\jenks\Documents\Dart Vader\cogs\events.py", line 301, in create_event
    event = await self.event_service.create_event(
            ^^^^^^^^^^^^^^^^^^^^^^^^^^^^^^^^^^^^^^
    ...<10 lines>...
    )
    ^
  File "C:\Users\jenks\Documents\Dart Vader\services\event_service.py", line 304, in create_event
    return await self.repository.create(
                 ~~~~~~~~~~~~~~~~~~~~~~^
        guild_id=guild_id,
        ^^^^^^^^^^^^^^^^^^
    ...<9 lines>...
        created_by_discord_id=created_by_discord_id,
        ^^^^^^^^^^^^^^^^^^^^^^^^^^^^^^^^^^^^^^^^^^^^
    )
    ^
TypeError: EventRepository.create() got an unexpected keyword argument 'event_id'
2026-09-19 15:31:33,878 | INFO | dart_vader | Received interaction: type=InteractionType.application_command name=create-event user=613851811543122037 guild=499335861289091073
2026-09-19 15:54:33,775 | INFO | dart_vader | Dart Vader has shut down.
2026-09-19 15:54:41,506 | INFO | dart_vader | Loaded extension: cogs.general
2026-09-19 15:54:41,512 | INFO | dart_vader | Loaded extension: cogs.admin
2026-09-19 15:54:41,514 | INFO | dart_vader | Loaded extension: cogs.members
2026-09-19 15:54:41,550 | INFO | dart_vader | Loaded extension: cogs.events
2026-09-19 15:54:41,799 | INFO | dart_vader | Synced command: /ping | application ID: 1525131195505971241
2026-09-19 15:54:41,799 | INFO | dart_vader | Synced command: /vader | application ID: 1525131195505971241
2026-09-19 15:54:41,799 | INFO | dart_vader | Synced command: /about | application ID: 1525131195505971241
2026-09-19 15:54:41,800 | INFO | dart_vader | Synced command: /shutdown | application ID: 1525131195505971241
2026-09-19 15:54:41,800 | INFO | dart_vader | Synced command: /register | application ID: 1525131195505971241
2026-09-19 15:54:41,800 | INFO | dart_vader | Synced command: /event-signups | application ID: 1525131195505971241
2026-09-19 15:54:41,800 | INFO | dart_vader | Synced command: /events | application ID: 1525131195505971241
2026-09-19 15:54:41,800 | INFO | dart_vader | Synced command: /create-event | application ID: 1525131195505971241
2026-09-19 15:54:41,800 | INFO | dart_vader | Synced command: /edit-event | application ID: 1525131195505971241
2026-09-19 15:54:41,801 | INFO | dart_vader | Synced command: /specific-event | application ID: 1525131195505971241
2026-09-19 15:54:41,801 | INFO | dart_vader | Synced command: /delete-event | application ID: 1525131195505971241
2026-09-19 15:54:41,801 | INFO | dart_vader | Synced command: /signup-event | application ID: 1525131195505971241
2026-09-19 15:54:41,802 | INFO | dart_vader | Synced command: /withdraw-event | application ID: 1525131195505971241
2026-09-19 15:54:41,802 | INFO | dart_vader | Synced command: /register-attendance | application ID: 1525131195505971241
2026-09-19 15:54:41,802 | INFO | dart_vader | Synced command: /announce-event | application ID: 1525131195505971241
2026-09-19 15:54:41,803 | INFO | dart_vader | Synced command: /remind-event | application ID: 1525131195505971241
2026-09-19 15:54:41,803 | INFO | dart_vader | Synchronised 16 commands to development guild 499335861289091073
2026-09-19 15:54:44,294 | INFO | dart_vader | Dart Vader is online as Dart Vader#1257 (1525131195505971241)
2026-09-19 15:55:05,291 | INFO | dart_vader | Received interaction: type=InteractionType.application_command name=create-event user=613851811543122037 guild=499335861289091073
2026-09-19 15:55:05,292 | ERROR | dart_vader | Application command failed: OperationalError('table events has no column named event_id')
Traceback (most recent call last):
  File "C:\Users\jenks\Documents\Dart Vader\venv\Lib\site-packages\discord\app_commands\commands.py", line 858, in _do_call
    return await self._callback(self.binding, interaction, **params)  # type: ignore
           ^^^^^^^^^^^^^^^^^^^^^^^^^^^^^^^^^^^^^^^^^^^^^^^^^^^^^^^^^
  File "C:\Users\jenks\Documents\Dart Vader\cogs\events.py", line 301, in create_event
    event = await self.event_service.create_event(
            ^^^^^^^^^^^^^^^^^^^^^^^^^^^^^^^^^^^^^^
    ...<10 lines>...
    )
    ^
  File "C:\Users\jenks\Documents\Dart Vader\services\event_service.py", line 304, in create_event
    return await self.repository.create(
           ^^^^^^^^^^^^^^^^^^^^^^^^^^^^^
    ...<11 lines>...
    )
    ^
  File "C:\Users\jenks\Documents\Dart Vader\repositories\event_repository.py", line 201, in create
    cursor = await self.database.execute(
             ^^^^^^^^^^^^^^^^^^^^^^^^^^^^
    ...<33 lines>...
    )
    ^
  File "C:\Users\jenks\Documents\Dart Vader\venv\Lib\site-packages\aiosqlite\core.py", line 223, in execute
    cursor = await self._execute(self._conn.execute, sql, parameters)
             ^^^^^^^^^^^^^^^^^^^^^^^^^^^^^^^^^^^^^^^^^^^^^^^^^^^^^^^^
  File "C:\Users\jenks\Documents\Dart Vader\venv\Lib\site-packages\aiosqlite\core.py", line 160, in _execute
    return await future
           ^^^^^^^^^^^^
  File "C:\Users\jenks\Documents\Dart Vader\venv\Lib\site-packages\aiosqlite\core.py", line 63, in _connection_worker_thread
    result = function()
sqlite3.OperationalError: table events has no column named event_id
2026-09-19 15:55:23,607 | INFO | dart_vader | Dart Vader has shut down.
2026-09-19 15:55:32,224 | ERROR | dart_vader | Dart Vader stopped unexpectedly.
Traceback (most recent call last):
  File "C:\Users\jenks\Documents\Dart Vader\bot.py", line 176, in main
    await bot.start(settings.discord_token)
  File "C:\Users\jenks\Documents\Dart Vader\venv\Lib\site-packages\discord\client.py", line 850, in start
    await self.login(token)
  File "C:\Users\jenks\Documents\Dart Vader\venv\Lib\site-packages\discord\client.py", line 693, in login
    await self.setup_hook()
  File "C:\Users\jenks\Documents\Dart Vader\bot.py", line 58, in setup_hook
    await self.database.initialise()
  File "C:\Users\jenks\Documents\Dart Vader\services\database_service.py", line 35, in initialise
    await self.connection.execute("""
    ...<15 lines>...
    """)
  File "C:\Users\jenks\Documents\Dart Vader\venv\Lib\site-packages\aiosqlite\core.py", line 223, in execute
    cursor = await self._execute(self._conn.execute, sql, parameters)
             ^^^^^^^^^^^^^^^^^^^^^^^^^^^^^^^^^^^^^^^^^^^^^^^^^^^^^^^^
  File "C:\Users\jenks\Documents\Dart Vader\venv\Lib\site-packages\aiosqlite\core.py", line 160, in _execute
    return await future
           ^^^^^^^^^^^^
  File "C:\Users\jenks\Documents\Dart Vader\venv\Lib\site-packages\aiosqlite\core.py", line 63, in _connection_worker_thread
    result = function()
sqlite3.OperationalError: duplicate column name: event_id
2026-09-19 15:55:32,230 | INFO | dart_vader | Dart Vader has shut down.
2026-09-19 15:55:55,055 | ERROR | dart_vader | Dart Vader stopped unexpectedly.
Traceback (most recent call last):
  File "C:\Users\jenks\Documents\Dart Vader\bot.py", line 176, in main
    await bot.start(settings.discord_token)
  File "C:\Users\jenks\Documents\Dart Vader\venv\Lib\site-packages\discord\client.py", line 850, in start
    await self.login(token)
  File "C:\Users\jenks\Documents\Dart Vader\venv\Lib\site-packages\discord\client.py", line 693, in login
    await self.setup_hook()
  File "C:\Users\jenks\Documents\Dart Vader\bot.py", line 58, in setup_hook
    await self.database.initialise()
  File "C:\Users\jenks\Documents\Dart Vader\services\database_service.py", line 35, in initialise
    await self.connection.execute("""
    ...<15 lines>...
    """)
  File "C:\Users\jenks\Documents\Dart Vader\venv\Lib\site-packages\aiosqlite\core.py", line 223, in execute
    cursor = await self._execute(self._conn.execute, sql, parameters)
             ^^^^^^^^^^^^^^^^^^^^^^^^^^^^^^^^^^^^^^^^^^^^^^^^^^^^^^^^
  File "C:\Users\jenks\Documents\Dart Vader\venv\Lib\site-packages\aiosqlite\core.py", line 160, in _execute
    return await future
           ^^^^^^^^^^^^
  File "C:\Users\jenks\Documents\Dart Vader\venv\Lib\site-packages\aiosqlite\core.py", line 63, in _connection_worker_thread
    result = function()
sqlite3.OperationalError: duplicate column name: event_id
2026-09-19 15:55:55,059 | INFO | dart_vader | Dart Vader has shut down.
2026-09-19 15:57:26,312 | INFO | dart_vader | Loaded extension: cogs.general
2026-09-19 15:57:26,316 | INFO | dart_vader | Loaded extension: cogs.admin
2026-09-19 15:57:26,318 | INFO | dart_vader | Loaded extension: cogs.members
2026-09-19 15:57:26,346 | INFO | dart_vader | Loaded extension: cogs.events
2026-09-19 15:57:26,541 | INFO | dart_vader | Synced command: /ping | application ID: 1525131195505971241
2026-09-19 15:57:26,541 | INFO | dart_vader | Synced command: /vader | application ID: 1525131195505971241
2026-09-19 15:57:26,542 | INFO | dart_vader | Synced command: /about | application ID: 1525131195505971241
2026-09-19 15:57:26,543 | INFO | dart_vader | Synced command: /shutdown | application ID: 1525131195505971241
2026-09-19 15:57:26,544 | INFO | dart_vader | Synced command: /register | application ID: 1525131195505971241
2026-09-19 15:57:26,544 | INFO | dart_vader | Synced command: /event-signups | application ID: 1525131195505971241
2026-09-19 15:57:26,545 | INFO | dart_vader | Synced command: /events | application ID: 1525131195505971241
2026-09-19 15:57:26,547 | INFO | dart_vader | Synced command: /create-event | application ID: 1525131195505971241
2026-09-19 15:57:26,547 | INFO | dart_vader | Synced command: /edit-event | application ID: 1525131195505971241
2026-09-19 15:57:26,548 | INFO | dart_vader | Synced command: /specific-event | application ID: 1525131195505971241
2026-09-19 15:57:26,549 | INFO | dart_vader | Synced command: /delete-event | application ID: 1525131195505971241
2026-09-19 15:57:26,549 | INFO | dart_vader | Synced command: /signup-event | application ID: 1525131195505971241
2026-09-19 15:57:26,550 | INFO | dart_vader | Synced command: /withdraw-event | application ID: 1525131195505971241
2026-09-19 15:57:26,550 | INFO | dart_vader | Synced command: /register-attendance | application ID: 1525131195505971241
2026-09-19 15:57:26,551 | INFO | dart_vader | Synced command: /announce-event | application ID: 1525131195505971241
2026-09-19 15:57:26,551 | INFO | dart_vader | Synced command: /remind-event | application ID: 1525131195505971241
2026-09-19 15:57:26,552 | INFO | dart_vader | Synchronised 16 commands to development guild 499335861289091073
2026-09-19 15:57:29,023 | INFO | dart_vader | Dart Vader is online as Dart Vader#1257 (1525131195505971241)
2026-09-19 15:57:33,154 | INFO | dart_vader | Received interaction: type=InteractionType.application_command name=create-event user=613851811543122037 guild=499335861289091073
2026-09-19 15:57:39,135 | INFO | dart_vader | Received interaction: type=InteractionType.application_command name=events user=613851811543122037 guild=499335861289091073
2026-09-19 15:57:39,138 | ERROR | dart_vader | Application command failed: OperationalError('no such column: id')
Traceback (most recent call last):
  File "C:\Users\jenks\Documents\Dart Vader\venv\Lib\site-packages\discord\app_commands\commands.py", line 858, in _do_call
    return await self._callback(self.binding, interaction, **params)  # type: ignore
           ^^^^^^^^^^^^^^^^^^^^^^^^^^^^^^^^^^^^^^^^^^^^^^^^^^^^^^^^^
  File "C:\Users\jenks\Documents\Dart Vader\cogs\events.py", line 214, in view_events
    events = await self.event_service.list_upcoming_events(
             ^^^^^^^^^^^^^^^^^^^^^^^^^^^^^^^^^^^^^^^^^^^^^^
    ...<2 lines>...
    )
    ^
  File "C:\Users\jenks\Documents\Dart Vader\services\event_service.py", line 49, in list_upcoming_events
    return await self.repository.list_upcoming(
           ^^^^^^^^^^^^^^^^^^^^^^^^^^^^^^^^^^^^
    ...<2 lines>...
    )
    ^
  File "C:\Users\jenks\Documents\Dart Vader\repositories\event_repository.py", line 260, in list_upcoming
    cursor = await self.database.execute(
             ^^^^^^^^^^^^^^^^^^^^^^^^^^^^
    ...<29 lines>...
    )
    ^
  File "C:\Users\jenks\Documents\Dart Vader\venv\Lib\site-packages\aiosqlite\core.py", line 223, in execute
    cursor = await self._execute(self._conn.execute, sql, parameters)
             ^^^^^^^^^^^^^^^^^^^^^^^^^^^^^^^^^^^^^^^^^^^^^^^^^^^^^^^^
  File "C:\Users\jenks\Documents\Dart Vader\venv\Lib\site-packages\aiosqlite\core.py", line 160, in _execute
    return await future
           ^^^^^^^^^^^^
  File "C:\Users\jenks\Documents\Dart Vader\venv\Lib\site-packages\aiosqlite\core.py", line 63, in _connection_worker_thread
    result = function()
sqlite3.OperationalError: no such column: id
2026-09-19 16:01:02,730 | INFO | dart_vader | Dart Vader has shut down.
2026-09-19 16:01:10,015 | INFO | dart_vader | Loaded extension: cogs.general
2026-09-19 16:01:10,020 | INFO | dart_vader | Loaded extension: cogs.admin
2026-09-19 16:01:10,023 | INFO | dart_vader | Loaded extension: cogs.members
2026-09-19 16:01:10,063 | INFO | dart_vader | Loaded extension: cogs.events
2026-09-19 16:01:10,526 | INFO | dart_vader | Synced command: /ping | application ID: 1525131195505971241
2026-09-19 16:01:10,527 | INFO | dart_vader | Synced command: /vader | application ID: 1525131195505971241
2026-09-19 16:01:10,528 | INFO | dart_vader | Synced command: /about | application ID: 1525131195505971241
2026-09-19 16:01:10,528 | INFO | dart_vader | Synced command: /shutdown | application ID: 1525131195505971241
2026-09-19 16:01:10,529 | INFO | dart_vader | Synced command: /register | application ID: 1525131195505971241
2026-09-19 16:01:10,530 | INFO | dart_vader | Synced command: /event-signups | application ID: 1525131195505971241
2026-09-19 16:01:10,531 | INFO | dart_vader | Synced command: /events | application ID: 1525131195505971241
2026-09-19 16:01:10,531 | INFO | dart_vader | Synced command: /create-event | application ID: 1525131195505971241
2026-09-19 16:01:10,532 | INFO | dart_vader | Synced command: /edit-event | application ID: 1525131195505971241
2026-09-19 16:01:10,532 | INFO | dart_vader | Synced command: /specific-event | application ID: 1525131195505971241
2026-09-19 16:01:10,533 | INFO | dart_vader | Synced command: /delete-event | application ID: 1525131195505971241
2026-09-19 16:01:10,533 | INFO | dart_vader | Synced command: /signup-event | application ID: 1525131195505971241
2026-09-19 16:01:10,533 | INFO | dart_vader | Synced command: /withdraw-event | application ID: 1525131195505971241
2026-09-19 16:01:10,534 | INFO | dart_vader | Synced command: /register-attendance | application ID: 1525131195505971241
2026-09-19 16:01:10,534 | INFO | dart_vader | Synced command: /announce-event | application ID: 1525131195505971241
2026-09-19 16:01:10,535 | INFO | dart_vader | Synced command: /remind-event | application ID: 1525131195505971241
2026-09-19 16:01:10,536 | INFO | dart_vader | Synchronised 16 commands to development guild 499335861289091073
2026-09-19 16:01:13,378 | INFO | dart_vader | Dart Vader is online as Dart Vader#1257 (1525131195505971241)
2026-09-19 16:01:14,891 | INFO | dart_vader | Received interaction: type=InteractionType.application_command name=events user=613851811543122037 guild=499335861289091073
2026-09-19 16:01:14,892 | ERROR | dart_vader | Application command failed: OperationalError('no such column: id')
Traceback (most recent call last):
  File "C:\Users\jenks\Documents\Dart Vader\venv\Lib\site-packages\discord\app_commands\commands.py", line 858, in _do_call
    return await self._callback(self.binding, interaction, **params)  # type: ignore
           ^^^^^^^^^^^^^^^^^^^^^^^^^^^^^^^^^^^^^^^^^^^^^^^^^^^^^^^^^
  File "C:\Users\jenks\Documents\Dart Vader\cogs\events.py", line 214, in view_events
    events = await self.event_service.list_upcoming_events(
             ^^^^^^^^^^^^^^^^^^^^^^^^^^^^^^^^^^^^^^^^^^^^^^
    ...<2 lines>...
    )
    ^
  File "C:\Users\jenks\Documents\Dart Vader\services\event_service.py", line 49, in list_upcoming_events
    return await self.repository.list_upcoming(
           ^^^^^^^^^^^^^^^^^^^^^^^^^^^^^^^^^^^^
    ...<2 lines>...
    )
    ^
  File "C:\Users\jenks\Documents\Dart Vader\repositories\event_repository.py", line 260, in list_upcoming
    cursor = await self.database.execute(
             ^^^^^^^^^^^^^^^^^^^^^^^^^^^^
    ...<29 lines>...
    )
    ^
  File "C:\Users\jenks\Documents\Dart Vader\venv\Lib\site-packages\aiosqlite\core.py", line 223, in execute
    cursor = await self._execute(self._conn.execute, sql, parameters)
             ^^^^^^^^^^^^^^^^^^^^^^^^^^^^^^^^^^^^^^^^^^^^^^^^^^^^^^^^
  File "C:\Users\jenks\Documents\Dart Vader\venv\Lib\site-packages\aiosqlite\core.py", line 160, in _execute
    return await future
           ^^^^^^^^^^^^
  File "C:\Users\jenks\Documents\Dart Vader\venv\Lib\site-packages\aiosqlite\core.py", line 63, in _connection_worker_thread
    result = function()
sqlite3.OperationalError: no such column: id
2026-09-19 16:02:41,244 | INFO | dart_vader | Dart Vader has shut down.
2026-09-19 16:02:43,971 | INFO | dart_vader | Loaded extension: cogs.general
2026-09-19 16:02:43,975 | INFO | dart_vader | Loaded extension: cogs.admin
2026-09-19 16:02:43,977 | INFO | dart_vader | Loaded extension: cogs.members
2026-09-19 16:02:44,031 | INFO | dart_vader | Loaded extension: cogs.events
2026-09-19 16:02:44,209 | INFO | dart_vader | Synced command: /ping | application ID: 1525131195505971241
2026-09-19 16:02:44,209 | INFO | dart_vader | Synced command: /vader | application ID: 1525131195505971241
2026-09-19 16:02:44,209 | INFO | dart_vader | Synced command: /about | application ID: 1525131195505971241
2026-09-19 16:02:44,209 | INFO | dart_vader | Synced command: /shutdown | application ID: 1525131195505971241
2026-09-19 16:02:44,209 | INFO | dart_vader | Synced command: /register | application ID: 1525131195505971241
2026-09-19 16:02:44,210 | INFO | dart_vader | Synced command: /event-signups | application ID: 1525131195505971241
2026-09-19 16:02:44,210 | INFO | dart_vader | Synced command: /events | application ID: 1525131195505971241
2026-09-19 16:02:44,210 | INFO | dart_vader | Synced command: /create-event | application ID: 1525131195505971241
2026-09-19 16:02:44,210 | INFO | dart_vader | Synced command: /edit-event | application ID: 1525131195505971241
2026-09-19 16:02:44,210 | INFO | dart_vader | Synced command: /specific-event | application ID: 1525131195505971241
2026-09-19 16:02:44,211 | INFO | dart_vader | Synced command: /delete-event | application ID: 1525131195505971241
2026-09-19 16:02:44,211 | INFO | dart_vader | Synced command: /signup-event | application ID: 1525131195505971241
2026-09-19 16:02:44,211 | INFO | dart_vader | Synced command: /withdraw-event | application ID: 1525131195505971241
2026-09-19 16:02:44,211 | INFO | dart_vader | Synced command: /register-attendance | application ID: 1525131195505971241
2026-09-19 16:02:44,212 | INFO | dart_vader | Synced command: /announce-event | application ID: 1525131195505971241
2026-09-19 16:02:44,212 | INFO | dart_vader | Synced command: /remind-event | application ID: 1525131195505971241
2026-09-19 16:02:44,213 | INFO | dart_vader | Synchronised 16 commands to development guild 499335861289091073
2026-09-19 16:02:46,598 | INFO | dart_vader | Dart Vader is online as Dart Vader#1257 (1525131195505971241)
2026-09-19 16:02:47,307 | INFO | dart_vader | Received interaction: type=InteractionType.application_command name=events user=613851811543122037 guild=499335861289091073
2026-09-19 16:02:47,309 | ERROR | dart_vader | Application command failed: IndexError('No item with that key')
Traceback (most recent call last):
  File "C:\Users\jenks\Documents\Dart Vader\venv\Lib\site-packages\discord\app_commands\commands.py", line 858, in _do_call
    return await self._callback(self.binding, interaction, **params)  # type: ignore
           ^^^^^^^^^^^^^^^^^^^^^^^^^^^^^^^^^^^^^^^^^^^^^^^^^^^^^^^^^
  File "C:\Users\jenks\Documents\Dart Vader\cogs\events.py", line 214, in view_events
    events = await self.event_service.list_upcoming_events(
             ^^^^^^^^^^^^^^^^^^^^^^^^^^^^^^^^^^^^^^^^^^^^^^
    ...<2 lines>...
    )
    ^
  File "C:\Users\jenks\Documents\Dart Vader\services\event_service.py", line 49, in list_upcoming_events
    return await self.repository.list_upcoming(
           ^^^^^^^^^^^^^^^^^^^^^^^^^^^^^^^^^^^^
    ...<2 lines>...
    )
    ^
  File "C:\Users\jenks\Documents\Dart Vader\repositories\event_repository.py", line 295, in list_upcoming
    id=row["id"],
       ~~~^^^^^^
IndexError: No item with that key
2026-09-19 16:03:14,178 | INFO | dart_vader | Dart Vader has shut down.
2026-09-19 16:03:17,164 | INFO | dart_vader | Loaded extension: cogs.general
2026-09-19 16:03:17,168 | INFO | dart_vader | Loaded extension: cogs.admin
2026-09-19 16:03:17,171 | INFO | dart_vader | Loaded extension: cogs.members
2026-09-19 16:03:17,200 | INFO | dart_vader | Loaded extension: cogs.events
2026-09-19 16:03:17,365 | INFO | dart_vader | Synced command: /ping | application ID: 1525131195505971241
2026-09-19 16:03:17,366 | INFO | dart_vader | Synced command: /vader | application ID: 1525131195505971241
2026-09-19 16:03:17,366 | INFO | dart_vader | Synced command: /about | application ID: 1525131195505971241
2026-09-19 16:03:17,366 | INFO | dart_vader | Synced command: /shutdown | application ID: 1525131195505971241
2026-09-19 16:03:17,367 | INFO | dart_vader | Synced command: /register | application ID: 1525131195505971241
2026-09-19 16:03:17,367 | INFO | dart_vader | Synced command: /event-signups | application ID: 1525131195505971241
2026-09-19 16:03:17,367 | INFO | dart_vader | Synced command: /events | application ID: 1525131195505971241
2026-09-19 16:03:17,367 | INFO | dart_vader | Synced command: /create-event | application ID: 1525131195505971241
2026-09-19 16:03:17,368 | INFO | dart_vader | Synced command: /edit-event | application ID: 1525131195505971241
2026-09-19 16:03:17,368 | INFO | dart_vader | Synced command: /specific-event | application ID: 1525131195505971241
2026-09-19 16:03:17,369 | INFO | dart_vader | Synced command: /delete-event | application ID: 1525131195505971241
2026-09-19 16:03:17,369 | INFO | dart_vader | Synced command: /signup-event | application ID: 1525131195505971241
2026-09-19 16:03:17,370 | INFO | dart_vader | Synced command: /withdraw-event | application ID: 1525131195505971241
2026-09-19 16:03:17,370 | INFO | dart_vader | Synced command: /register-attendance | application ID: 1525131195505971241
2026-09-19 16:03:17,370 | INFO | dart_vader | Synced command: /announce-event | application ID: 1525131195505971241
2026-09-19 16:03:17,370 | INFO | dart_vader | Synced command: /remind-event | application ID: 1525131195505971241
2026-09-19 16:03:17,370 | INFO | dart_vader | Synchronised 16 commands to development guild 499335861289091073
2026-09-19 16:03:19,812 | INFO | dart_vader | Dart Vader is online as Dart Vader#1257 (1525131195505971241)
2026-09-19 16:03:22,703 | INFO | dart_vader | Received interaction: type=InteractionType.application_command name=events user=613851811543122037 guild=499335861289091073
2026-09-19 16:03:22,836 | ERROR | dart_vader | Application command failed: TypeError("Event.__init__() missing 2 required positional arguments: 'id' and 'event_id'")
Traceback (most recent call last):
  File "C:\Users\jenks\Documents\Dart Vader\venv\Lib\site-packages\discord\app_commands\commands.py", line 858, in _do_call
    return await self._callback(self.binding, interaction, **params)  # type: ignore
           ^^^^^^^^^^^^^^^^^^^^^^^^^^^^^^^^^^^^^^^^^^^^^^^^^^^^^^^^^
  File "C:\Users\jenks\Documents\Dart Vader\cogs\events.py", line 214, in view_events
    events = await self.event_service.list_upcoming_events(
             ^^^^^^^^^^^^^^^^^^^^^^^^^^^^^^^^^^^^^^^^^^^^^^
    ...<2 lines>...
    )
    ^
  File "C:\Users\jenks\Documents\Dart Vader\services\event_service.py", line 49, in list_upcoming_events
    return await self.repository.list_upcoming(
           ^^^^^^^^^^^^^^^^^^^^^^^^^^^^^^^^^^^^
    ...<2 lines>...
    )
    ^
  File "C:\Users\jenks\Documents\Dart Vader\repositories\event_repository.py", line 294, in list_upcoming
    Event(
    ~~~~~^
        guild_id=row["guild_id"],
        ^^^^^^^^^^^^^^^^^^^^^^^^^
    ...<18 lines>...
        updated_at=datetime.fromisoformat(row["updated_at"]),
        ^^^^^^^^^^^^^^^^^^^^^^^^^^^^^^^^^^^^^^^^^^^^^^^^^^^^^
    )
    ^
TypeError: Event.__init__() missing 2 required positional arguments: 'id' and 'event_id'
2026-09-19 16:08:36,630 | INFO | dart_vader | Dart Vader has shut down.
2026-09-19 16:08:38,752 | INFO | dart_vader | Loaded extension: cogs.general
2026-09-19 16:08:38,757 | INFO | dart_vader | Loaded extension: cogs.admin
2026-09-19 16:08:38,759 | INFO | dart_vader | Loaded extension: cogs.members
2026-09-19 16:08:38,788 | INFO | dart_vader | Loaded extension: cogs.events
2026-09-19 16:08:39,586 | INFO | dart_vader | Synced command: /ping | application ID: 1525131195505971241
2026-09-19 16:08:39,587 | INFO | dart_vader | Synced command: /vader | application ID: 1525131195505971241
2026-09-19 16:08:39,587 | INFO | dart_vader | Synced command: /about | application ID: 1525131195505971241
2026-09-19 16:08:39,588 | INFO | dart_vader | Synced command: /shutdown | application ID: 1525131195505971241
2026-09-19 16:08:39,589 | INFO | dart_vader | Synced command: /register | application ID: 1525131195505971241
2026-09-19 16:08:39,589 | INFO | dart_vader | Synced command: /event-signups | application ID: 1525131195505971241
2026-09-19 16:08:39,590 | INFO | dart_vader | Synced command: /events | application ID: 1525131195505971241
2026-09-19 16:08:39,592 | INFO | dart_vader | Synced command: /create-event | application ID: 1525131195505971241
2026-09-19 16:08:39,593 | INFO | dart_vader | Synced command: /edit-event | application ID: 1525131195505971241
2026-09-19 16:08:39,594 | INFO | dart_vader | Synced command: /specific-event | application ID: 1525131195505971241
2026-09-19 16:08:39,594 | INFO | dart_vader | Synced command: /delete-event | application ID: 1525131195505971241
2026-09-19 16:08:39,595 | INFO | dart_vader | Synced command: /signup-event | application ID: 1525131195505971241
2026-09-19 16:08:39,596 | INFO | dart_vader | Synced command: /withdraw-event | application ID: 1525131195505971241
2026-09-19 16:08:39,597 | INFO | dart_vader | Synced command: /register-attendance | application ID: 1525131195505971241
2026-09-19 16:08:39,597 | INFO | dart_vader | Synced command: /announce-event | application ID: 1525131195505971241
2026-09-19 16:08:39,598 | INFO | dart_vader | Synced command: /remind-event | application ID: 1525131195505971241
2026-09-19 16:08:39,598 | INFO | dart_vader | Synchronised 16 commands to development guild 499335861289091073
2026-09-19 16:08:42,045 | INFO | dart_vader | Dart Vader is online as Dart Vader#1257 (1525131195505971241)
2026-09-19 16:08:44,968 | INFO | dart_vader | Received interaction: type=InteractionType.application_command name=events user=613851811543122037 guild=499335861289091073
2026-09-19 16:18:12,644 | INFO | dart_vader | Received interaction: type=InteractionType.application_command name=events user=613851811543122037 guild=499335861289091073
2026-09-19 16:19:27,496 | INFO | dart_vader | Dart Vader has shut down.
2026-09-19 16:19:32,302 | INFO | dart_vader | Loaded extension: cogs.general
2026-09-19 16:19:32,306 | INFO | dart_vader | Loaded extension: cogs.admin
2026-09-19 16:19:32,308 | INFO | dart_vader | Loaded extension: cogs.members
2026-09-19 16:19:32,350 | INFO | dart_vader | Loaded extension: cogs.events
2026-09-19 16:19:32,547 | INFO | dart_vader | Synced command: /ping | application ID: 1525131195505971241
2026-09-19 16:19:32,548 | INFO | dart_vader | Synced command: /vader | application ID: 1525131195505971241
2026-09-19 16:19:32,548 | INFO | dart_vader | Synced command: /about | application ID: 1525131195505971241
2026-09-19 16:19:32,549 | INFO | dart_vader | Synced command: /shutdown | application ID: 1525131195505971241
2026-09-19 16:19:32,550 | INFO | dart_vader | Synced command: /register | application ID: 1525131195505971241
2026-09-19 16:19:32,550 | INFO | dart_vader | Synced command: /event-signups | application ID: 1525131195505971241
2026-09-19 16:19:32,551 | INFO | dart_vader | Synced command: /events | application ID: 1525131195505971241
2026-09-19 16:19:32,552 | INFO | dart_vader | Synced command: /create-event | application ID: 1525131195505971241
2026-09-19 16:19:32,553 | INFO | dart_vader | Synced command: /edit-event | application ID: 1525131195505971241
2026-09-19 16:19:32,553 | INFO | dart_vader | Synced command: /specific-event | application ID: 1525131195505971241
2026-09-19 16:19:32,554 | INFO | dart_vader | Synced command: /delete-event | application ID: 1525131195505971241
2026-09-19 16:19:32,554 | INFO | dart_vader | Synced command: /signup-event | application ID: 1525131195505971241
2026-09-19 16:19:32,555 | INFO | dart_vader | Synced command: /withdraw-event | application ID: 1525131195505971241
2026-09-19 16:19:32,555 | INFO | dart_vader | Synced command: /register-attendance | application ID: 1525131195505971241
2026-09-19 16:19:32,556 | INFO | dart_vader | Synced command: /announce-event | application ID: 1525131195505971241
2026-09-19 16:19:32,556 | INFO | dart_vader | Synced command: /remind-event | application ID: 1525131195505971241
2026-09-19 16:19:32,556 | INFO | dart_vader | Synchronised 16 commands to development guild 499335861289091073
2026-09-19 16:19:34,979 | INFO | dart_vader | Dart Vader is online as Dart Vader#1257 (1525131195505971241)
2026-09-19 16:20:33,774 | INFO | dart_vader | Dart Vader has shut down.
2026-09-19 16:20:35,718 | INFO | dart_vader | Loaded extension: cogs.general
2026-09-19 16:20:35,722 | INFO | dart_vader | Loaded extension: cogs.admin
2026-09-19 16:20:35,724 | INFO | dart_vader | Loaded extension: cogs.members
2026-09-19 16:20:35,763 | INFO | dart_vader | Loaded extension: cogs.events
2026-09-19 16:20:36,057 | INFO | dart_vader | Synced command: /ping | application ID: 1525131195505971241
2026-09-19 16:20:36,058 | INFO | dart_vader | Synced command: /vader | application ID: 1525131195505971241
2026-09-19 16:20:36,058 | INFO | dart_vader | Synced command: /about | application ID: 1525131195505971241
2026-09-19 16:20:36,059 | INFO | dart_vader | Synced command: /shutdown | application ID: 1525131195505971241
2026-09-19 16:20:36,060 | INFO | dart_vader | Synced command: /register | application ID: 1525131195505971241
2026-09-19 16:20:36,061 | INFO | dart_vader | Synced command: /event-signups | application ID: 1525131195505971241
2026-09-19 16:20:36,062 | INFO | dart_vader | Synced command: /events | application ID: 1525131195505971241
2026-09-19 16:20:36,062 | INFO | dart_vader | Synced command: /create-event | application ID: 1525131195505971241
2026-09-19 16:20:36,063 | INFO | dart_vader | Synced command: /edit-event | application ID: 1525131195505971241
2026-09-19 16:20:36,063 | INFO | dart_vader | Synced command: /specific-event | application ID: 1525131195505971241
2026-09-19 16:20:36,064 | INFO | dart_vader | Synced command: /delete-event | application ID: 1525131195505971241
2026-09-19 16:20:36,064 | INFO | dart_vader | Synced command: /signup-event | application ID: 1525131195505971241
2026-09-19 16:20:36,065 | INFO | dart_vader | Synced command: /withdraw-event | application ID: 1525131195505971241
2026-09-19 16:20:36,065 | INFO | dart_vader | Synced command: /register-attendance | application ID: 1525131195505971241
2026-09-19 16:20:36,065 | INFO | dart_vader | Synced command: /announce-event | application ID: 1525131195505971241
2026-09-19 16:20:36,066 | INFO | dart_vader | Synced command: /remind-event | application ID: 1525131195505971241
2026-09-19 16:20:36,066 | INFO | dart_vader | Synchronised 16 commands to development guild 499335861289091073
2026-09-19 16:20:38,494 | INFO | dart_vader | Dart Vader is online as Dart Vader#1257 (1525131195505971241)
2026-09-19 16:20:46,729 | INFO | dart_vader | Received interaction: type=InteractionType.application_command name=event-signups user=613851811543122037 guild=499335861289091073
2026-09-19 16:20:47,377 | ERROR | dart_vader | Application command failed: TypeError("'<=' not supported between instances of 'str' and 'int'")
Traceback (most recent call last):
  File "C:\Users\jenks\Documents\Dart Vader\venv\Lib\site-packages\discord\app_commands\commands.py", line 858, in _do_call
    return await self._callback(self.binding, interaction, **params)  # type: ignore
           ^^^^^^^^^^^^^^^^^^^^^^^^^^^^^^^^^^^^^^^^^^^^^^^^^^^^^^^^^
  File "C:\Users\jenks\Documents\Dart Vader\cogs\events.py", line 78, in view_event_signups
    await self.event_service.get_event_signup_log(
    ...<3 lines>...
    )
  File "C:\Users\jenks\Documents\Dart Vader\services\event_service.py", line 21, in get_event_signup_log
    event = await self.get_event(
            ^^^^^^^^^^^^^^^^^^^^^
    ...<2 lines>...
    )
    ^
  File "C:\Users\jenks\Documents\Dart Vader\services\event_service.py", line 59, in get_event
    if event_id <= 0:
       ^^^^^^^^^^^^^
TypeError: '<=' not supported between instances of 'str' and 'int'
2026-09-19 16:21:21,927 | INFO | dart_vader | Dart Vader has shut down.
2026-09-19 16:21:24,963 | INFO | dart_vader | Loaded extension: cogs.general
2026-09-19 16:21:24,967 | INFO | dart_vader | Loaded extension: cogs.admin
2026-09-19 16:21:24,969 | INFO | dart_vader | Loaded extension: cogs.members
2026-09-19 16:21:24,997 | INFO | dart_vader | Loaded extension: cogs.events
2026-09-19 16:21:25,221 | INFO | dart_vader | Synced command: /ping | application ID: 1525131195505971241
2026-09-19 16:21:25,222 | INFO | dart_vader | Synced command: /vader | application ID: 1525131195505971241
2026-09-19 16:21:25,223 | INFO | dart_vader | Synced command: /about | application ID: 1525131195505971241
2026-09-19 16:21:25,224 | INFO | dart_vader | Synced command: /shutdown | application ID: 1525131195505971241
2026-09-19 16:21:25,224 | INFO | dart_vader | Synced command: /register | application ID: 1525131195505971241
2026-09-19 16:21:25,225 | INFO | dart_vader | Synced command: /event-signups | application ID: 1525131195505971241
2026-09-19 16:21:25,226 | INFO | dart_vader | Synced command: /events | application ID: 1525131195505971241
2026-09-19 16:21:25,226 | INFO | dart_vader | Synced command: /create-event | application ID: 1525131195505971241
2026-09-19 16:21:25,227 | INFO | dart_vader | Synced command: /edit-event | application ID: 1525131195505971241
2026-09-19 16:21:25,227 | INFO | dart_vader | Synced command: /specific-event | application ID: 1525131195505971241
2026-09-19 16:21:25,228 | INFO | dart_vader | Synced command: /delete-event | application ID: 1525131195505971241
2026-09-19 16:21:25,228 | INFO | dart_vader | Synced command: /signup-event | application ID: 1525131195505971241
2026-09-19 16:21:25,229 | INFO | dart_vader | Synced command: /withdraw-event | application ID: 1525131195505971241
2026-09-19 16:21:25,229 | INFO | dart_vader | Synced command: /register-attendance | application ID: 1525131195505971241
2026-09-19 16:21:25,230 | INFO | dart_vader | Synced command: /announce-event | application ID: 1525131195505971241
2026-09-19 16:21:25,230 | INFO | dart_vader | Synced command: /remind-event | application ID: 1525131195505971241
2026-09-19 16:21:25,230 | INFO | dart_vader | Synchronised 16 commands to development guild 499335861289091073
2026-09-19 16:21:27,695 | INFO | dart_vader | Dart Vader is online as Dart Vader#1257 (1525131195505971241)
2026-09-19 16:21:31,487 | INFO | dart_vader | Received interaction: type=InteractionType.application_command name=event-signups user=613851811543122037 guild=499335861289091073
2026-09-19 16:22:31,330 | INFO | dart_vader | Dart Vader has shut down.
2026-09-19 16:22:33,176 | INFO | dart_vader | Loaded extension: cogs.general
2026-09-19 16:22:33,180 | INFO | dart_vader | Loaded extension: cogs.admin
2026-09-19 16:22:33,182 | INFO | dart_vader | Loaded extension: cogs.members
2026-09-19 16:22:33,237 | INFO | dart_vader | Loaded extension: cogs.events
2026-09-19 16:22:33,565 | INFO | dart_vader | Synced command: /ping | application ID: 1525131195505971241
2026-09-19 16:22:33,566 | INFO | dart_vader | Synced command: /vader | application ID: 1525131195505971241
2026-09-19 16:22:33,567 | INFO | dart_vader | Synced command: /about | application ID: 1525131195505971241
2026-09-19 16:22:33,568 | INFO | dart_vader | Synced command: /shutdown | application ID: 1525131195505971241
2026-09-19 16:22:33,568 | INFO | dart_vader | Synced command: /register | application ID: 1525131195505971241
2026-09-19 16:22:33,569 | INFO | dart_vader | Synced command: /event-signups | application ID: 1525131195505971241
2026-09-19 16:22:33,570 | INFO | dart_vader | Synced command: /events | application ID: 1525131195505971241
2026-09-19 16:22:33,571 | INFO | dart_vader | Synced command: /create-event | application ID: 1525131195505971241
2026-09-19 16:22:33,571 | INFO | dart_vader | Synced command: /edit-event | application ID: 1525131195505971241
2026-09-19 16:22:33,572 | INFO | dart_vader | Synced command: /specific-event | application ID: 1525131195505971241
2026-09-19 16:22:33,572 | INFO | dart_vader | Synced command: /delete-event | application ID: 1525131195505971241
2026-09-19 16:22:33,573 | INFO | dart_vader | Synced command: /signup-event | application ID: 1525131195505971241
2026-09-19 16:22:33,573 | INFO | dart_vader | Synced command: /withdraw-event | application ID: 1525131195505971241
2026-09-19 16:22:33,574 | INFO | dart_vader | Synced command: /register-attendance | application ID: 1525131195505971241
2026-09-19 16:22:33,574 | INFO | dart_vader | Synced command: /announce-event | application ID: 1525131195505971241
2026-09-19 16:22:33,575 | INFO | dart_vader | Synced command: /remind-event | application ID: 1525131195505971241
2026-09-19 16:22:33,575 | INFO | dart_vader | Synchronised 16 commands to development guild 499335861289091073
2026-09-19 16:22:36,141 | INFO | dart_vader | Dart Vader is online as Dart Vader#1257 (1525131195505971241)
2026-09-19 16:23:22,002 | INFO | dart_vader | Received interaction: type=InteractionType.application_command name=signup-event user=210467588310958080 guild=499335861289091073
2026-09-19 16:23:22,011 | ERROR | dart_vader | Application command failed: OperationalError('foreign key mismatch - "event_signups" referencing "events"')
Traceback (most recent call last):
  File "C:\Users\jenks\Documents\Dart Vader\venv\Lib\site-packages\discord\app_commands\commands.py", line 858, in _do_call
    return await self._callback(self.binding, interaction, **params)  # type: ignore
           ^^^^^^^^^^^^^^^^^^^^^^^^^^^^^^^^^^^^^^^^^^^^^^^^^^^^^^^^^
  File "C:\Users\jenks\Documents\Dart Vader\cogs\events.py", line 669, in signup_event
    signup = await self.event_service.sign_up_for_event(
             ^^^^^^^^^^^^^^^^^^^^^^^^^^^^^^^^^^^^^^^^^^^
    ...<4 lines>...
    )
    ^
  File "C:\Users\jenks\Documents\Dart Vader\services\event_service.py", line 354, in sign_up_for_event
    return await self.repository.sign_up(
           ^^^^^^^^^^^^^^^^^^^^^^^^^^^^^^
    ...<4 lines>...
    )
    ^
  File "C:\Users\jenks\Documents\Dart Vader\repositories\event_repository.py", line 561, in sign_up
    await self.database.execute(
    ...<19 lines>...
    )
  File "C:\Users\jenks\Documents\Dart Vader\venv\Lib\site-packages\aiosqlite\core.py", line 223, in execute
    cursor = await self._execute(self._conn.execute, sql, parameters)
             ^^^^^^^^^^^^^^^^^^^^^^^^^^^^^^^^^^^^^^^^^^^^^^^^^^^^^^^^
  File "C:\Users\jenks\Documents\Dart Vader\venv\Lib\site-packages\aiosqlite\core.py", line 160, in _execute
    return await future
           ^^^^^^^^^^^^
  File "C:\Users\jenks\Documents\Dart Vader\venv\Lib\site-packages\aiosqlite\core.py", line 63, in _connection_worker_thread
    result = function()
sqlite3.OperationalError: foreign key mismatch - "event_signups" referencing "events"
2026-09-19 16:27:11,465 | INFO | dart_vader | Dart Vader has shut down.
2026-09-19 16:27:20,680 | INFO | dart_vader | Loaded extension: cogs.general
2026-09-19 16:27:20,685 | INFO | dart_vader | Loaded extension: cogs.admin
2026-09-19 16:27:20,687 | INFO | dart_vader | Loaded extension: cogs.members
2026-09-19 16:27:20,715 | INFO | dart_vader | Loaded extension: cogs.events
2026-09-19 16:27:20,895 | INFO | dart_vader | Synced command: /ping | application ID: 1525131195505971241
2026-09-19 16:27:20,895 | INFO | dart_vader | Synced command: /vader | application ID: 1525131195505971241
2026-09-19 16:27:20,895 | INFO | dart_vader | Synced command: /about | application ID: 1525131195505971241
2026-09-19 16:27:20,895 | INFO | dart_vader | Synced command: /shutdown | application ID: 1525131195505971241
2026-09-19 16:27:20,896 | INFO | dart_vader | Synced command: /register | application ID: 1525131195505971241
2026-09-19 16:27:20,896 | INFO | dart_vader | Synced command: /event-signups | application ID: 1525131195505971241
2026-09-19 16:27:20,896 | INFO | dart_vader | Synced command: /events | application ID: 1525131195505971241
2026-09-19 16:27:20,896 | INFO | dart_vader | Synced command: /create-event | application ID: 1525131195505971241
2026-09-19 16:27:20,896 | INFO | dart_vader | Synced command: /edit-event | application ID: 1525131195505971241
2026-09-19 16:27:20,897 | INFO | dart_vader | Synced command: /specific-event | application ID: 1525131195505971241
2026-09-19 16:27:20,897 | INFO | dart_vader | Synced command: /delete-event | application ID: 1525131195505971241
2026-09-19 16:27:20,897 | INFO | dart_vader | Synced command: /signup-event | application ID: 1525131195505971241
2026-09-19 16:27:20,898 | INFO | dart_vader | Synced command: /withdraw-event | application ID: 1525131195505971241
2026-09-19 16:27:20,898 | INFO | dart_vader | Synced command: /register-attendance | application ID: 1525131195505971241
2026-09-19 16:27:20,899 | INFO | dart_vader | Synced command: /announce-event | application ID: 1525131195505971241
2026-09-19 16:27:20,899 | INFO | dart_vader | Synced command: /remind-event | application ID: 1525131195505971241
2026-09-19 16:27:20,899 | INFO | dart_vader | Synchronised 16 commands to development guild 499335861289091073
2026-09-19 16:27:23,343 | INFO | dart_vader | Dart Vader is online as Dart Vader#1257 (1525131195505971241)
2026-09-19 16:27:33,023 | INFO | dart_vader | Received interaction: type=InteractionType.application_command name=event-signups user=613851811543122037 guild=499335861289091073
2026-09-19 16:27:52,017 | INFO | dart_vader | Received interaction: type=InteractionType.application_command name=create-event user=613851811543122037 guild=499335861289091073
2026-09-19 16:27:58,174 | INFO | dart_vader | Received interaction: type=InteractionType.application_command name=events user=613851811543122037 guild=499335861289091073
2026-09-19 16:28:10,104 | INFO | dart_vader | Received interaction: type=InteractionType.application_command name=signup-event user=210467588310958080 guild=499335861289091073
2026-09-19 16:28:10,107 | ERROR | dart_vader | Application command failed: OperationalError('foreign key mismatch - "event_signups" referencing "events"')
Traceback (most recent call last):
  File "C:\Users\jenks\Documents\Dart Vader\venv\Lib\site-packages\discord\app_commands\commands.py", line 858, in _do_call
    return await self._callback(self.binding, interaction, **params)  # type: ignore
           ^^^^^^^^^^^^^^^^^^^^^^^^^^^^^^^^^^^^^^^^^^^^^^^^^^^^^^^^^
  File "C:\Users\jenks\Documents\Dart Vader\cogs\events.py", line 669, in signup_event
    signup = await self.event_service.sign_up_for_event(
             ^^^^^^^^^^^^^^^^^^^^^^^^^^^^^^^^^^^^^^^^^^^
    ...<4 lines>...
    )
    ^
  File "C:\Users\jenks\Documents\Dart Vader\services\event_service.py", line 354, in sign_up_for_event
    return await self.repository.sign_up(
           ^^^^^^^^^^^^^^^^^^^^^^^^^^^^^^
    ...<4 lines>...
    )
    ^
  File "C:\Users\jenks\Documents\Dart Vader\repositories\event_repository.py", line 561, in sign_up
    await self.database.execute(
    ...<19 lines>...
    )
  File "C:\Users\jenks\Documents\Dart Vader\venv\Lib\site-packages\aiosqlite\core.py", line 223, in execute
    cursor = await self._execute(self._conn.execute, sql, parameters)
             ^^^^^^^^^^^^^^^^^^^^^^^^^^^^^^^^^^^^^^^^^^^^^^^^^^^^^^^^
  File "C:\Users\jenks\Documents\Dart Vader\venv\Lib\site-packages\aiosqlite\core.py", line 160, in _execute
    return await future
           ^^^^^^^^^^^^
  File "C:\Users\jenks\Documents\Dart Vader\venv\Lib\site-packages\aiosqlite\core.py", line 63, in _connection_worker_thread
    result = function()
sqlite3.OperationalError: foreign key mismatch - "event_signups" referencing "events"
2026-09-19 16:28:40,307 | INFO | dart_vader | Dart Vader has shut down.
2026-09-19 16:28:42,515 | INFO | dart_vader | Loaded extension: cogs.general
2026-09-19 16:28:42,519 | INFO | dart_vader | Loaded extension: cogs.admin
2026-09-19 16:28:42,521 | INFO | dart_vader | Loaded extension: cogs.members
2026-09-19 16:28:42,548 | INFO | dart_vader | Loaded extension: cogs.events
2026-09-19 16:28:42,718 | INFO | dart_vader | Synced command: /ping | application ID: 1525131195505971241
2026-09-19 16:28:42,719 | INFO | dart_vader | Synced command: /vader | application ID: 1525131195505971241
2026-09-19 16:28:42,719 | INFO | dart_vader | Synced command: /about | application ID: 1525131195505971241
2026-09-19 16:28:42,720 | INFO | dart_vader | Synced command: /shutdown | application ID: 1525131195505971241
2026-09-19 16:28:42,720 | INFO | dart_vader | Synced command: /register | application ID: 1525131195505971241
2026-09-19 16:28:42,721 | INFO | dart_vader | Synced command: /event-signups | application ID: 1525131195505971241
2026-09-19 16:28:42,721 | INFO | dart_vader | Synced command: /events | application ID: 1525131195505971241
2026-09-19 16:28:42,722 | INFO | dart_vader | Synced command: /create-event | application ID: 1525131195505971241
2026-09-19 16:28:42,723 | INFO | dart_vader | Synced command: /edit-event | application ID: 1525131195505971241
2026-09-19 16:28:42,723 | INFO | dart_vader | Synced command: /specific-event | application ID: 1525131195505971241
2026-09-19 16:28:42,724 | INFO | dart_vader | Synced command: /delete-event | application ID: 1525131195505971241
2026-09-19 16:28:42,725 | INFO | dart_vader | Synced command: /signup-event | application ID: 1525131195505971241
2026-09-19 16:28:42,725 | INFO | dart_vader | Synced command: /withdraw-event | application ID: 1525131195505971241
2026-09-19 16:28:42,726 | INFO | dart_vader | Synced command: /register-attendance | application ID: 1525131195505971241
2026-09-19 16:28:42,726 | INFO | dart_vader | Synced command: /announce-event | application ID: 1525131195505971241
2026-09-19 16:28:42,727 | INFO | dart_vader | Synced command: /remind-event | application ID: 1525131195505971241
2026-09-19 16:28:42,727 | INFO | dart_vader | Synchronised 16 commands to development guild 499335861289091073
2026-09-19 16:28:45,229 | INFO | dart_vader | Dart Vader is online as Dart Vader#1257 (1525131195505971241)
2026-09-19 16:28:50,323 | INFO | dart_vader | Dart Vader has shut down.
2026-09-19 16:28:57,758 | INFO | dart_vader | Loaded extension: cogs.general
2026-09-19 16:28:57,761 | INFO | dart_vader | Loaded extension: cogs.admin
2026-09-19 16:28:57,763 | INFO | dart_vader | Loaded extension: cogs.members
2026-09-19 16:28:57,787 | INFO | dart_vader | Loaded extension: cogs.events
2026-09-19 16:29:42,766 | INFO | dart_vader | Synced command: /ping | application ID: 1525131195505971241
2026-09-19 16:29:42,767 | INFO | dart_vader | Synced command: /vader | application ID: 1525131195505971241
2026-09-19 16:29:42,767 | INFO | dart_vader | Synced command: /about | application ID: 1525131195505971241
2026-09-19 16:29:42,768 | INFO | dart_vader | Synced command: /shutdown | application ID: 1525131195505971241
2026-09-19 16:29:42,769 | INFO | dart_vader | Synced command: /register | application ID: 1525131195505971241
2026-09-19 16:29:42,769 | INFO | dart_vader | Synced command: /event-signups | application ID: 1525131195505971241
2026-09-19 16:29:42,770 | INFO | dart_vader | Synced command: /events | application ID: 1525131195505971241
2026-09-19 16:29:42,771 | INFO | dart_vader | Synced command: /create-event | application ID: 1525131195505971241
2026-09-19 16:29:42,771 | INFO | dart_vader | Synced command: /edit-event | application ID: 1525131195505971241
2026-09-19 16:29:42,772 | INFO | dart_vader | Synced command: /specific-event | application ID: 1525131195505971241
2026-09-19 16:29:42,773 | INFO | dart_vader | Synced command: /delete-event | application ID: 1525131195505971241
2026-09-19 16:29:42,774 | INFO | dart_vader | Synced command: /signup-event | application ID: 1525131195505971241
2026-09-19 16:29:42,774 | INFO | dart_vader | Synced command: /withdraw-event | application ID: 1525131195505971241
2026-09-19 16:29:42,775 | INFO | dart_vader | Synced command: /register-attendance | application ID: 1525131195505971241
2026-09-19 16:29:42,775 | INFO | dart_vader | Synced command: /announce-event | application ID: 1525131195505971241
2026-09-19 16:29:42,776 | INFO | dart_vader | Synced command: /remind-event | application ID: 1525131195505971241
2026-09-19 16:29:42,777 | INFO | dart_vader | Synchronised 16 commands to development guild 499335861289091073
2026-09-19 16:29:45,188 | INFO | dart_vader | Dart Vader is online as Dart Vader#1257 (1525131195505971241)
2026-09-19 16:29:49,384 | INFO | dart_vader | Received interaction: type=InteractionType.application_command name=create-event user=613851811543122037 guild=499335861289091073
2026-09-19 16:29:55,294 | INFO | dart_vader | Received interaction: type=InteractionType.application_command name=signup-event user=210467588310958080 guild=499335861289091073
2026-09-19 16:30:04,818 | INFO | dart_vader | Received interaction: type=InteractionType.application_command name=event-signups user=613851811543122037 guild=499335861289091073
2026-09-19 16:31:11,079 | INFO | dart_vader | Dart Vader has shut down.
2026-09-19 16:31:13,402 | INFO | dart_vader | Loaded extension: cogs.general
2026-09-19 16:31:13,405 | INFO | dart_vader | Loaded extension: cogs.admin
2026-09-19 16:31:13,408 | INFO | dart_vader | Loaded extension: cogs.members
2026-09-19 16:31:13,450 | INFO | dart_vader | Loaded extension: cogs.events
2026-09-19 16:31:13,671 | INFO | dart_vader | Synced command: /ping | application ID: 1525131195505971241
2026-09-19 16:31:13,672 | INFO | dart_vader | Synced command: /vader | application ID: 1525131195505971241
2026-09-19 16:31:13,673 | INFO | dart_vader | Synced command: /about | application ID: 1525131195505971241
2026-09-19 16:31:13,673 | INFO | dart_vader | Synced command: /shutdown | application ID: 1525131195505971241
2026-09-19 16:31:13,674 | INFO | dart_vader | Synced command: /register | application ID: 1525131195505971241
2026-09-19 16:31:13,675 | INFO | dart_vader | Synced command: /event-signups | application ID: 1525131195505971241
2026-09-19 16:31:13,676 | INFO | dart_vader | Synced command: /events | application ID: 1525131195505971241
2026-09-19 16:31:13,676 | INFO | dart_vader | Synced command: /create-event | application ID: 1525131195505971241
2026-09-19 16:31:13,677 | INFO | dart_vader | Synced command: /edit-event | application ID: 1525131195505971241
2026-09-19 16:31:13,677 | INFO | dart_vader | Synced command: /specific-event | application ID: 1525131195505971241
2026-09-19 16:31:13,677 | INFO | dart_vader | Synced command: /delete-event | application ID: 1525131195505971241
2026-09-19 16:31:13,678 | INFO | dart_vader | Synced command: /signup-event | application ID: 1525131195505971241
2026-09-19 16:31:13,678 | INFO | dart_vader | Synced command: /withdraw-event | application ID: 1525131195505971241
2026-09-19 16:31:13,679 | INFO | dart_vader | Synced command: /register-attendance | application ID: 1525131195505971241
2026-09-19 16:31:13,680 | INFO | dart_vader | Synced command: /announce-event | application ID: 1525131195505971241
2026-09-19 16:31:13,681 | INFO | dart_vader | Synced command: /remind-event | application ID: 1525131195505971241
2026-09-19 16:31:13,681 | INFO | dart_vader | Synchronised 16 commands to development guild 499335861289091073
2026-09-19 16:31:16,098 | INFO | dart_vader | Dart Vader is online as Dart Vader#1257 (1525131195505971241)
2026-09-19 16:31:42,903 | INFO | dart_vader | Received interaction: type=InteractionType.application_command name=withdraw-event user=210467588310958080 guild=499335861289091073
2026-09-19 16:31:54,559 | INFO | dart_vader | Received interaction: type=InteractionType.application_command name=event-signups user=613851811543122037 guild=499335861289091073
2026-09-19 16:32:52,403 | INFO | dart_vader | Received interaction: type=InteractionType.application_command name=signup-event user=210467588310958080 guild=499335861289091073
2026-09-19 16:32:56,085 | INFO | dart_vader | Received interaction: type=InteractionType.application_command name=event-signups user=613851811543122037 guild=499335861289091073
2026-09-19 16:33:34,451 | INFO | dart_vader | Dart Vader has shut down.
2026-09-19 16:33:38,933 | INFO | dart_vader | Loaded extension: cogs.general
2026-09-19 16:33:38,937 | INFO | dart_vader | Loaded extension: cogs.admin
2026-09-19 16:33:38,939 | INFO | dart_vader | Loaded extension: cogs.members
2026-09-19 16:33:38,984 | INFO | dart_vader | Loaded extension: cogs.events
2026-09-19 16:33:39,212 | INFO | dart_vader | Synced command: /ping | application ID: 1525131195505971241
2026-09-19 16:33:39,213 | INFO | dart_vader | Synced command: /vader | application ID: 1525131195505971241
2026-09-19 16:33:39,213 | INFO | dart_vader | Synced command: /about | application ID: 1525131195505971241
2026-09-19 16:33:39,214 | INFO | dart_vader | Synced command: /shutdown | application ID: 1525131195505971241
2026-09-19 16:33:39,215 | INFO | dart_vader | Synced command: /register | application ID: 1525131195505971241
2026-09-19 16:33:39,215 | INFO | dart_vader | Synced command: /event-signups | application ID: 1525131195505971241
2026-09-19 16:33:39,216 | INFO | dart_vader | Synced command: /events | application ID: 1525131195505971241
2026-09-19 16:33:39,217 | INFO | dart_vader | Synced command: /create-event | application ID: 1525131195505971241
2026-09-19 16:33:39,218 | INFO | dart_vader | Synced command: /edit-event | application ID: 1525131195505971241
2026-09-19 16:33:39,218 | INFO | dart_vader | Synced command: /specific-event | application ID: 1525131195505971241
2026-09-19 16:33:39,219 | INFO | dart_vader | Synced command: /delete-event | application ID: 1525131195505971241
2026-09-19 16:33:39,219 | INFO | dart_vader | Synced command: /signup-event | application ID: 1525131195505971241
2026-09-19 16:33:39,220 | INFO | dart_vader | Synced command: /withdraw-event | application ID: 1525131195505971241
2026-09-19 16:33:39,221 | INFO | dart_vader | Synced command: /register-attendance | application ID: 1525131195505971241
2026-09-19 16:33:39,221 | INFO | dart_vader | Synced command: /announce-event | application ID: 1525131195505971241
2026-09-19 16:33:39,222 | INFO | dart_vader | Synced command: /remind-event | application ID: 1525131195505971241
2026-09-19 16:33:39,222 | INFO | dart_vader | Synchronised 16 commands to development guild 499335861289091073
2026-09-19 16:33:41,644 | INFO | dart_vader | Dart Vader is online as Dart Vader#1257 (1525131195505971241)
2026-09-19 16:33:56,045 | INFO | dart_vader | Received interaction: type=InteractionType.application_command name=register-attendance user=613851811543122037 guild=499335861289091073
2026-09-19 16:34:07,892 | INFO | dart_vader | Received interaction: type=InteractionType.application_command name=event-signups user=613851811543122037 guild=499335861289091073
2026-09-19 16:34:58,434 | INFO | dart_vader | Dart Vader has shut down.
2026-09-19 16:35:01,626 | INFO | dart_vader | Loaded extension: cogs.general
2026-09-19 16:35:01,632 | INFO | dart_vader | Loaded extension: cogs.admin
2026-09-19 16:35:01,634 | INFO | dart_vader | Loaded extension: cogs.members
2026-09-19 16:35:01,677 | INFO | dart_vader | Loaded extension: cogs.events
2026-09-19 16:35:02,176 | INFO | dart_vader | Synced command: /ping | application ID: 1525131195505971241
2026-09-19 16:35:02,177 | INFO | dart_vader | Synced command: /vader | application ID: 1525131195505971241
2026-09-19 16:35:02,177 | INFO | dart_vader | Synced command: /about | application ID: 1525131195505971241
2026-09-19 16:35:02,178 | INFO | dart_vader | Synced command: /shutdown | application ID: 1525131195505971241
2026-09-19 16:35:02,178 | INFO | dart_vader | Synced command: /register | application ID: 1525131195505971241
2026-09-19 16:35:02,179 | INFO | dart_vader | Synced command: /event-signups | application ID: 1525131195505971241
2026-09-19 16:35:02,179 | INFO | dart_vader | Synced command: /events | application ID: 1525131195505971241
2026-09-19 16:35:02,180 | INFO | dart_vader | Synced command: /create-event | application ID: 1525131195505971241
2026-09-19 16:35:02,180 | INFO | dart_vader | Synced command: /edit-event | application ID: 1525131195505971241
2026-09-19 16:35:02,181 | INFO | dart_vader | Synced command: /specific-event | application ID: 1525131195505971241
2026-09-19 16:35:02,181 | INFO | dart_vader | Synced command: /delete-event | application ID: 1525131195505971241
2026-09-19 16:35:02,181 | INFO | dart_vader | Synced command: /signup-event | application ID: 1525131195505971241
2026-09-19 16:35:02,182 | INFO | dart_vader | Synced command: /withdraw-event | application ID: 1525131195505971241
2026-09-19 16:35:02,182 | INFO | dart_vader | Synced command: /register-attendance | application ID: 1525131195505971241
2026-09-19 16:35:02,182 | INFO | dart_vader | Synced command: /announce-event | application ID: 1525131195505971241
2026-09-19 16:35:02,183 | INFO | dart_vader | Synced command: /remind-event | application ID: 1525131195505971241
2026-09-19 16:35:02,183 | INFO | dart_vader | Synchronised 16 commands to development guild 499335861289091073
2026-09-19 16:35:04,880 | INFO | dart_vader | Dart Vader is online as Dart Vader#1257 (1525131195505971241)
2026-09-19 16:35:19,562 | INFO | dart_vader | Received interaction: type=InteractionType.application_command name=announce-event user=613851811543122037 guild=499335861289091073
2026-09-19 16:35:39,201 | INFO | dart_vader | Received interaction: type=InteractionType.application_command name=remind-event user=613851811543122037 guild=499335861289091073
2026-09-19 16:37:34,283 | INFO | dart_vader | Received interaction: type=InteractionType.application_command name=specific-event user=613851811543122037 guild=499335861289091073
2026-09-19 16:50:36,133 | INFO | dart_vader | Dart Vader has shut down.
2026-09-19 17:14:23,457 | INFO | dart_vader | Loaded extension: cogs.general
2026-09-19 17:14:23,475 | INFO | dart_vader | Loaded extension: cogs.admin
2026-09-19 17:14:23,492 | INFO | dart_vader | Loaded extension: cogs.members
2026-09-19 17:14:23,532 | INFO | dart_vader | Loaded extension: cogs.events
2026-09-19 17:14:23,739 | INFO | dart_vader | Synced command: /ping | application ID: 1525131195505971241
2026-09-19 17:14:23,740 | INFO | dart_vader | Synced command: /vader | application ID: 1525131195505971241
2026-09-19 17:14:23,741 | INFO | dart_vader | Synced command: /about | application ID: 1525131195505971241
2026-09-19 17:14:23,741 | INFO | dart_vader | Synced command: /shutdown | application ID: 1525131195505971241
2026-09-19 17:14:23,742 | INFO | dart_vader | Synced command: /register | application ID: 1525131195505971241
2026-09-19 17:14:23,743 | INFO | dart_vader | Synced command: /event-signups | application ID: 1525131195505971241
2026-09-19 17:14:23,743 | INFO | dart_vader | Synced command: /events | application ID: 1525131195505971241
2026-09-19 17:14:23,744 | INFO | dart_vader | Synced command: /create-event | application ID: 1525131195505971241
2026-09-19 17:14:23,745 | INFO | dart_vader | Synced command: /edit-event | application ID: 1525131195505971241
2026-09-19 17:14:23,746 | INFO | dart_vader | Synced command: /specific-event | application ID: 1525131195505971241
2026-09-19 17:14:23,747 | INFO | dart_vader | Synced command: /delete-event | application ID: 1525131195505971241
2026-09-19 17:14:23,747 | INFO | dart_vader | Synced command: /signup-event | application ID: 1525131195505971241
2026-09-19 17:14:23,748 | INFO | dart_vader | Synced command: /withdraw-event | application ID: 1525131195505971241
2026-09-19 17:14:23,748 | INFO | dart_vader | Synced command: /register-attendance | application ID: 1525131195505971241
2026-09-19 17:14:23,749 | INFO | dart_vader | Synced command: /announce-event | application ID: 1525131195505971241
2026-09-19 17:14:23,750 | INFO | dart_vader | Synced command: /remind-event | application ID: 1525131195505971241
2026-09-19 17:14:23,750 | INFO | dart_vader | Synced command: /export-signups | application ID: 1525131195505971241
2026-09-19 17:14:23,751 | INFO | dart_vader | Synchronised 17 commands to development guild 499335861289091073
2026-09-19 17:14:26,125 | INFO | dart_vader | Dart Vader is online as Dart Vader#1257 (1525131195505971241)
2026-09-19 17:14:39,114 | INFO | dart_vader | Received interaction: type=InteractionType.application_command name=events user=613851811543122037 guild=499335861289091073
2026-09-19 17:14:48,058 | INFO | dart_vader | Received interaction: type=InteractionType.application_command name=event-signups user=613851811543122037 guild=499335861289091073
2026-09-19 17:14:48,734 | ERROR | dart_vader | Application command failed: TypeError("EventService.list_event_signups() got an unexpected keyword argument 'include_cancelled'")
Traceback (most recent call last):
  File "C:\Users\jenks\Documents\Dart Vader\venv\Lib\site-packages\discord\app_commands\commands.py", line 858, in _do_call
    return await self._callback(self.binding, interaction, **params)  # type: ignore
           ^^^^^^^^^^^^^^^^^^^^^^^^^^^^^^^^^^^^^^^^^^^^^^^^^^^^^^^^^
  File "C:\Users\jenks\Documents\Dart Vader\cogs\events.py", line 79, in view_event_signups
    await self.event_service.get_event_signup_log(
    ...<3 lines>...
    )
  File "C:\Users\jenks\Documents\Dart Vader\services\event_service.py", line 26, in get_event_signup_log
    signups = await self.list_event_signups(
                    ~~~~~~~~~~~~~~~~~~~~~~~^
        guild_id=guild_id,
        ^^^^^^^^^^^^^^^^^^
        event_id=event_id,
        ^^^^^^^^^^^^^^^^^^
        include_cancelled=include_cancelled,
        ^^^^^^^^^^^^^^^^^^^^^^^^^^^^^^^^^^^^
    )
    ^
TypeError: EventService.list_event_signups() got an unexpected keyword argument 'include_cancelled'
2026-09-19 17:16:43,110 | INFO | dart_vader | Dart Vader has shut down.
2026-09-19 17:16:45,147 | INFO | dart_vader | Loaded extension: cogs.general
2026-09-19 17:16:45,150 | INFO | dart_vader | Loaded extension: cogs.admin
2026-09-19 17:16:45,152 | INFO | dart_vader | Loaded extension: cogs.members
2026-09-19 17:16:45,179 | INFO | dart_vader | Loaded extension: cogs.events
2026-09-19 17:16:45,372 | INFO | dart_vader | Synced command: /ping | application ID: 1525131195505971241
2026-09-19 17:16:45,373 | INFO | dart_vader | Synced command: /vader | application ID: 1525131195505971241
2026-09-19 17:16:45,373 | INFO | dart_vader | Synced command: /about | application ID: 1525131195505971241
2026-09-19 17:16:45,373 | INFO | dart_vader | Synced command: /shutdown | application ID: 1525131195505971241
2026-09-19 17:16:45,373 | INFO | dart_vader | Synced command: /register | application ID: 1525131195505971241
2026-09-19 17:16:45,373 | INFO | dart_vader | Synced command: /event-signups | application ID: 1525131195505971241
2026-09-19 17:16:45,374 | INFO | dart_vader | Synced command: /events | application ID: 1525131195505971241
2026-09-19 17:16:45,374 | INFO | dart_vader | Synced command: /create-event | application ID: 1525131195505971241
2026-09-19 17:16:45,374 | INFO | dart_vader | Synced command: /edit-event | application ID: 1525131195505971241
2026-09-19 17:16:45,374 | INFO | dart_vader | Synced command: /specific-event | application ID: 1525131195505971241
2026-09-19 17:16:45,374 | INFO | dart_vader | Synced command: /delete-event | application ID: 1525131195505971241
2026-09-19 17:16:45,375 | INFO | dart_vader | Synced command: /signup-event | application ID: 1525131195505971241
2026-09-19 17:16:45,375 | INFO | dart_vader | Synced command: /withdraw-event | application ID: 1525131195505971241
2026-09-19 17:16:45,375 | INFO | dart_vader | Synced command: /register-attendance | application ID: 1525131195505971241
2026-09-19 17:16:45,375 | INFO | dart_vader | Synced command: /announce-event | application ID: 1525131195505971241
2026-09-19 17:16:45,376 | INFO | dart_vader | Synced command: /remind-event | application ID: 1525131195505971241
2026-09-19 17:16:45,376 | INFO | dart_vader | Synced command: /export-signups | application ID: 1525131195505971241
2026-09-19 17:16:45,376 | INFO | dart_vader | Synchronised 17 commands to development guild 499335861289091073
2026-09-19 17:16:48,051 | INFO | dart_vader | Dart Vader is online as Dart Vader#1257 (1525131195505971241)
2026-09-19 17:16:50,893 | INFO | dart_vader | Received interaction: type=InteractionType.application_command name=event-signups user=613851811543122037 guild=499335861289091073
2026-09-19 17:16:59,757 | INFO | dart_vader | Received interaction: type=InteractionType.application_command name=export-signups user=613851811543122037 guild=499335861289091073
2026-09-19 17:17:00,084 | ERROR | dart_vader | Application command failed: AttributeError("'EventSignup' object has no attribute 'first_name'")
Traceback (most recent call last):
  File "C:\Users\jenks\Documents\Dart Vader\venv\Lib\site-packages\discord\app_commands\commands.py", line 858, in _do_call
    return await self._callback(self.binding, interaction, **params)  # type: ignore
           ^^^^^^^^^^^^^^^^^^^^^^^^^^^^^^^^^^^^^^^^^^^^^^^^^^^^^^^^^
  File "C:\Users\jenks\Documents\Dart Vader\cogs\events.py", line 1294, in export_signups
    if signup.first_name and signup.last_name:
       ^^^^^^^^^^^^^^^^^
AttributeError: 'EventSignup' object has no attribute 'first_name'
2026-09-19 17:18:16,654 | INFO | dart_vader | Dart Vader has shut down.
2026-09-19 17:18:19,473 | INFO | dart_vader | Loaded extension: cogs.general
2026-09-19 17:18:19,478 | INFO | dart_vader | Loaded extension: cogs.admin
2026-09-19 17:18:19,480 | INFO | dart_vader | Loaded extension: cogs.members
2026-09-19 17:18:19,525 | INFO | dart_vader | Loaded extension: cogs.events
2026-09-19 17:18:19,783 | INFO | dart_vader | Synced command: /ping | application ID: 1525131195505971241
2026-09-19 17:18:19,784 | INFO | dart_vader | Synced command: /vader | application ID: 1525131195505971241
2026-09-19 17:18:19,785 | INFO | dart_vader | Synced command: /about | application ID: 1525131195505971241
2026-09-19 17:18:19,785 | INFO | dart_vader | Synced command: /shutdown | application ID: 1525131195505971241
2026-09-19 17:18:19,786 | INFO | dart_vader | Synced command: /register | application ID: 1525131195505971241
2026-09-19 17:18:19,787 | INFO | dart_vader | Synced command: /event-signups | application ID: 1525131195505971241
2026-09-19 17:18:19,787 | INFO | dart_vader | Synced command: /events | application ID: 1525131195505971241
2026-09-19 17:18:19,788 | INFO | dart_vader | Synced command: /create-event | application ID: 1525131195505971241
2026-09-19 17:18:19,790 | INFO | dart_vader | Synced command: /edit-event | application ID: 1525131195505971241
2026-09-19 17:18:19,790 | INFO | dart_vader | Synced command: /specific-event | application ID: 1525131195505971241
2026-09-19 17:18:19,792 | INFO | dart_vader | Synced command: /delete-event | application ID: 1525131195505971241
2026-09-19 17:18:19,792 | INFO | dart_vader | Synced command: /signup-event | application ID: 1525131195505971241
2026-09-19 17:18:19,793 | INFO | dart_vader | Synced command: /withdraw-event | application ID: 1525131195505971241
2026-09-19 17:18:19,793 | INFO | dart_vader | Synced command: /register-attendance | application ID: 1525131195505971241
2026-09-19 17:18:19,793 | INFO | dart_vader | Synced command: /announce-event | application ID: 1525131195505971241
2026-09-19 17:18:19,793 | INFO | dart_vader | Synced command: /remind-event | application ID: 1525131195505971241
2026-09-19 17:18:19,793 | INFO | dart_vader | Synced command: /export-signups | application ID: 1525131195505971241
2026-09-19 17:18:19,793 | INFO | dart_vader | Synchronised 17 commands to development guild 499335861289091073
2026-09-19 17:18:22,256 | INFO | dart_vader | Dart Vader is online as Dart Vader#1257 (1525131195505971241)
2026-09-19 17:18:29,699 | INFO | dart_vader | Received interaction: type=InteractionType.application_command name=export-signups user=613851811543122037 guild=499335861289091073
2026-09-19 17:21:02,724 | INFO | dart_vader | Loaded extension: cogs.general
2026-09-19 17:21:02,727 | INFO | dart_vader | Loaded extension: cogs.admin
2026-09-19 17:21:02,729 | INFO | dart_vader | Loaded extension: cogs.members
2026-09-19 17:21:02,758 | INFO | dart_vader | Loaded extension: cogs.events
2026-09-19 17:21:02,958 | INFO | dart_vader | Synced command: /ping | application ID: 1525131195505971241
2026-09-19 17:21:02,959 | INFO | dart_vader | Synced command: /vader | application ID: 1525131195505971241
2026-09-19 17:21:02,959 | INFO | dart_vader | Synced command: /about | application ID: 1525131195505971241
2026-09-19 17:21:02,960 | INFO | dart_vader | Synced command: /shutdown | application ID: 1525131195505971241
2026-09-19 17:21:02,961 | INFO | dart_vader | Synced command: /register | application ID: 1525131195505971241
2026-09-19 17:21:02,961 | INFO | dart_vader | Synced command: /event-signups | application ID: 1525131195505971241
2026-09-19 17:21:02,962 | INFO | dart_vader | Synced command: /events | application ID: 1525131195505971241
2026-09-19 17:21:02,963 | INFO | dart_vader | Synced command: /create-event | application ID: 1525131195505971241
2026-09-19 17:21:02,963 | INFO | dart_vader | Synced command: /edit-event | application ID: 1525131195505971241
2026-09-19 17:21:02,964 | INFO | dart_vader | Synced command: /specific-event | application ID: 1525131195505971241
2026-09-19 17:21:02,964 | INFO | dart_vader | Synced command: /delete-event | application ID: 1525131195505971241
2026-09-19 17:21:02,965 | INFO | dart_vader | Synced command: /signup-event | application ID: 1525131195505971241
2026-09-19 17:21:02,966 | INFO | dart_vader | Synced command: /withdraw-event | application ID: 1525131195505971241
2026-09-19 17:21:02,966 | INFO | dart_vader | Synced command: /register-attendance | application ID: 1525131195505971241
2026-09-19 17:21:02,967 | INFO | dart_vader | Synced command: /announce-event | application ID: 1525131195505971241
2026-09-19 17:21:02,967 | INFO | dart_vader | Synced command: /remind-event | application ID: 1525131195505971241
2026-09-19 17:21:02,968 | INFO | dart_vader | Synced command: /export-signups | application ID: 1525131195505971241
2026-09-19 17:21:02,969 | INFO | dart_vader | Synchronised 17 commands to development guild 499335861289091073
2026-09-19 17:21:05,448 | INFO | dart_vader | Dart Vader is online as Dart Vader#1257 (1525131195505971241)
2026-09-19 17:21:09,409 | INFO | dart_vader | Received interaction: type=InteractionType.application_command name=register user=613851811543122037 guild=499335861289091073
2026-09-19 17:21:19,313 | INFO | dart_vader | Received interaction: type=InteractionType.application_command name=signup-event user=613851811543122037 guild=499335861289091073
2026-09-19 17:21:19,320 | ERROR | dart_vader | Application command failed: IntegrityError('UNIQUE constraint failed: event_signups.event_id')
Traceback (most recent call last):
  File "C:\Users\jenks\Documents\Dart Vader\venv\Lib\site-packages\discord\app_commands\commands.py", line 858, in _do_call
    return await self._callback(self.binding, interaction, **params)  # type: ignore
           ^^^^^^^^^^^^^^^^^^^^^^^^^^^^^^^^^^^^^^^^^^^^^^^^^^^^^^^^^
  File "C:\Users\jenks\Documents\Dart Vader\cogs\events.py", line 670, in signup_event
    signup = await self.event_service.sign_up_for_event(
             ^^^^^^^^^^^^^^^^^^^^^^^^^^^^^^^^^^^^^^^^^^^
    ...<4 lines>...
    )
    ^
  File "C:\Users\jenks\Documents\Dart Vader\services\event_service.py", line 354, in sign_up_for_event
    return await self.repository.sign_up(
           ^^^^^^^^^^^^^^^^^^^^^^^^^^^^^^
    ...<4 lines>...
    )
    ^
  File "C:\Users\jenks\Documents\Dart Vader\repositories\event_repository.py", line 561, in sign_up
    await self.database.execute(
    ...<19 lines>...
    )
  File "C:\Users\jenks\Documents\Dart Vader\venv\Lib\site-packages\aiosqlite\core.py", line 223, in execute
    cursor = await self._execute(self._conn.execute, sql, parameters)
             ^^^^^^^^^^^^^^^^^^^^^^^^^^^^^^^^^^^^^^^^^^^^^^^^^^^^^^^^
  File "C:\Users\jenks\Documents\Dart Vader\venv\Lib\site-packages\aiosqlite\core.py", line 160, in _execute
    return await future
           ^^^^^^^^^^^^
  File "C:\Users\jenks\Documents\Dart Vader\venv\Lib\site-packages\aiosqlite\core.py", line 63, in _connection_worker_thread
    result = function()
sqlite3.IntegrityError: UNIQUE constraint failed: event_signups.event_id
2026-09-19 17:22:37,365 | INFO | dart_vader | Dart Vader has shut down.
2026-09-19 17:23:24,022 | INFO | dart_vader | Loaded extension: cogs.general
2026-09-19 17:23:24,026 | INFO | dart_vader | Loaded extension: cogs.admin
2026-09-19 17:23:24,029 | INFO | dart_vader | Loaded extension: cogs.members
2026-09-19 17:23:24,056 | INFO | dart_vader | Loaded extension: cogs.events
2026-09-19 17:23:24,310 | INFO | dart_vader | Synced command: /ping | application ID: 1525131195505971241
2026-09-19 17:23:24,310 | INFO | dart_vader | Synced command: /vader | application ID: 1525131195505971241
2026-09-19 17:23:24,310 | INFO | dart_vader | Synced command: /about | application ID: 1525131195505971241
2026-09-19 17:23:24,311 | INFO | dart_vader | Synced command: /shutdown | application ID: 1525131195505971241
2026-09-19 17:23:24,311 | INFO | dart_vader | Synced command: /register | application ID: 1525131195505971241
2026-09-19 17:23:24,311 | INFO | dart_vader | Synced command: /event-signups | application ID: 1525131195505971241
2026-09-19 17:23:24,312 | INFO | dart_vader | Synced command: /events | application ID: 1525131195505971241
2026-09-19 17:23:24,312 | INFO | dart_vader | Synced command: /create-event | application ID: 1525131195505971241
2026-09-19 17:23:24,312 | INFO | dart_vader | Synced command: /edit-event | application ID: 1525131195505971241
2026-09-19 17:23:24,312 | INFO | dart_vader | Synced command: /specific-event | application ID: 1525131195505971241
2026-09-19 17:23:24,313 | INFO | dart_vader | Synced command: /delete-event | application ID: 1525131195505971241
2026-09-19 17:23:24,313 | INFO | dart_vader | Synced command: /signup-event | application ID: 1525131195505971241
2026-09-19 17:23:24,313 | INFO | dart_vader | Synced command: /withdraw-event | application ID: 1525131195505971241
2026-09-19 17:23:24,314 | INFO | dart_vader | Synced command: /register-attendance | application ID: 1525131195505971241
2026-09-19 17:23:24,314 | INFO | dart_vader | Synced command: /announce-event | application ID: 1525131195505971241
2026-09-19 17:23:24,314 | INFO | dart_vader | Synced command: /remind-event | application ID: 1525131195505971241
2026-09-19 17:23:24,314 | INFO | dart_vader | Synced command: /export-signups | application ID: 1525131195505971241
2026-09-19 17:23:24,314 | INFO | dart_vader | Synchronised 17 commands to development guild 499335861289091073
2026-09-19 17:23:26,709 | INFO | dart_vader | Dart Vader is online as Dart Vader#1257 (1525131195505971241)
2026-09-19 17:23:30,465 | INFO | dart_vader | Received interaction: type=InteractionType.application_command name=events user=613851811543122037 guild=499335861289091073
2026-09-19 17:23:41,080 | INFO | dart_vader | Received interaction: type=InteractionType.application_command name=event-signups user=613851811543122037 guild=499335861289091073
2026-09-19 17:23:46,615 | INFO | dart_vader | Received interaction: type=InteractionType.application_command name=signup-event user=613851811543122037 guild=499335861289091073
2026-09-19 17:23:52,009 | INFO | dart_vader | Received interaction: type=InteractionType.application_command name=export-signups user=613851811543122037 guild=499335861289091073
2026-09-19 17:24:30,950 | INFO | dart_vader | Received interaction: type=InteractionType.application_command name=withdraw-event user=613851811543122037 guild=499335861289091073
2026-09-19 17:24:40,324 | INFO | dart_vader | Received interaction: type=InteractionType.application_command name=export-signups user=613851811543122037 guild=499335861289091073
2026-09-19 17:29:43,999 | INFO | dart_vader | Dart Vader has shut down.
2026-09-19 17:29:46,309 | INFO | dart_vader | Loaded extension: cogs.general
2026-09-19 17:29:46,313 | INFO | dart_vader | Loaded extension: cogs.admin
2026-09-19 17:29:46,319 | INFO | dart_vader | Loaded extension: cogs.members
2026-09-19 17:29:46,350 | INFO | dart_vader | Loaded extension: cogs.events
2026-09-19 17:29:46,716 | INFO | dart_vader | Synced command: /ping | application ID: 1525131195505971241
2026-09-19 17:29:46,717 | INFO | dart_vader | Synced command: /vader | application ID: 1525131195505971241
2026-09-19 17:29:46,717 | INFO | dart_vader | Synced command: /about | application ID: 1525131195505971241
2026-09-19 17:29:46,717 | INFO | dart_vader | Synced command: /shutdown | application ID: 1525131195505971241
2026-09-19 17:29:46,717 | INFO | dart_vader | Synced command: /register | application ID: 1525131195505971241
2026-09-19 17:29:46,718 | INFO | dart_vader | Synced command: /export-members | application ID: 1525131195505971241
2026-09-19 17:29:46,718 | INFO | dart_vader | Synced command: /event-signups | application ID: 1525131195505971241
2026-09-19 17:29:46,719 | INFO | dart_vader | Synced command: /events | application ID: 1525131195505971241
2026-09-19 17:29:46,719 | INFO | dart_vader | Synced command: /create-event | application ID: 1525131195505971241
2026-09-19 17:29:46,719 | INFO | dart_vader | Synced command: /edit-event | application ID: 1525131195505971241
2026-09-19 17:29:46,719 | INFO | dart_vader | Synced command: /specific-event | application ID: 1525131195505971241
2026-09-19 17:29:46,720 | INFO | dart_vader | Synced command: /delete-event | application ID: 1525131195505971241
2026-09-19 17:29:46,720 | INFO | dart_vader | Synced command: /signup-event | application ID: 1525131195505971241
2026-09-19 17:29:46,720 | INFO | dart_vader | Synced command: /withdraw-event | application ID: 1525131195505971241
2026-09-19 17:29:46,720 | INFO | dart_vader | Synced command: /register-attendance | application ID: 1525131195505971241
2026-09-19 17:29:46,720 | INFO | dart_vader | Synced command: /announce-event | application ID: 1525131195505971241
2026-09-19 17:29:46,720 | INFO | dart_vader | Synced command: /remind-event | application ID: 1525131195505971241
2026-09-19 17:29:46,720 | INFO | dart_vader | Synced command: /export-signups | application ID: 1525131195505971241
2026-09-19 17:29:46,721 | INFO | dart_vader | Synchronised 18 commands to development guild 499335861289091073
2026-09-19 17:29:49,392 | INFO | dart_vader | Dart Vader is online as Dart Vader#1257 (1525131195505971241)
2026-09-19 17:30:01,403 | INFO | dart_vader | Received interaction: type=InteractionType.application_command name=export-members user=613851811543122037 guild=499335861289091073
2026-09-19 17:30:01,629 | ERROR | dart_vader | Application command failed: AttributeError("'MemberService' object has no attribute 'repository'")
Traceback (most recent call last):
  File "C:\Users\jenks\Documents\Dart Vader\venv\Lib\site-packages\discord\app_commands\commands.py", line 858, in _do_call
    return await self._callback(self.binding, interaction, **params)  # type: ignore
           ^^^^^^^^^^^^^^^^^^^^^^^^^^^^^^^^^^^^^^^^^^^^^^^^^^^^^^^^^
  File "C:\Users\jenks\Documents\Dart Vader\cogs\members.py", line 166, in export_members
    members = await self.member_service.list_members(
              ^^^^^^^^^^^^^^^^^^^^^^^^^^^^^^^^^^^^^^^
        guild_id=interaction.guild_id,
        ^^^^^^^^^^^^^^^^^^^^^^^^^^^^^^
    )
    ^
  File "C:\Users\jenks\Documents\Dart Vader\services\member_service.py", line 41, in list_members
    return await self.repository.list_by_guild(guild_id=guild_id)
                 ^^^^^^^^^^^^^^^
AttributeError: 'MemberService' object has no attribute 'repository'. Did you mean: '_repository'?
2026-09-19 17:31:27,962 | INFO | dart_vader | Dart Vader has shut down.
2026-09-19 17:31:30,168 | INFO | dart_vader | Loaded extension: cogs.general
2026-09-19 17:31:30,183 | INFO | dart_vader | Loaded extension: cogs.admin
2026-09-19 17:31:30,197 | INFO | dart_vader | Loaded extension: cogs.members
2026-09-19 17:31:30,256 | INFO | dart_vader | Loaded extension: cogs.events
2026-09-19 17:31:30,536 | INFO | dart_vader | Synced command: /ping | application ID: 1525131195505971241
2026-09-19 17:31:30,537 | INFO | dart_vader | Synced command: /vader | application ID: 1525131195505971241
2026-09-19 17:31:30,539 | INFO | dart_vader | Synced command: /about | application ID: 1525131195505971241
2026-09-19 17:31:30,540 | INFO | dart_vader | Synced command: /shutdown | application ID: 1525131195505971241
2026-09-19 17:31:30,541 | INFO | dart_vader | Synced command: /register | application ID: 1525131195505971241
2026-09-19 17:31:30,542 | INFO | dart_vader | Synced command: /export-members | application ID: 1525131195505971241
2026-09-19 17:31:30,543 | INFO | dart_vader | Synced command: /event-signups | application ID: 1525131195505971241
2026-09-19 17:31:30,544 | INFO | dart_vader | Synced command: /events | application ID: 1525131195505971241
2026-09-19 17:31:30,544 | INFO | dart_vader | Synced command: /create-event | application ID: 1525131195505971241
2026-09-19 17:31:30,545 | INFO | dart_vader | Synced command: /edit-event | application ID: 1525131195505971241
2026-09-19 17:31:30,547 | INFO | dart_vader | Synced command: /specific-event | application ID: 1525131195505971241
2026-09-19 17:31:30,548 | INFO | dart_vader | Synced command: /delete-event | application ID: 1525131195505971241
2026-09-19 17:31:30,549 | INFO | dart_vader | Synced command: /signup-event | application ID: 1525131195505971241
2026-09-19 17:31:30,549 | INFO | dart_vader | Synced command: /withdraw-event | application ID: 1525131195505971241
2026-09-19 17:31:30,550 | INFO | dart_vader | Synced command: /register-attendance | application ID: 1525131195505971241
2026-09-19 17:31:30,551 | INFO | dart_vader | Synced command: /announce-event | application ID: 1525131195505971241
2026-09-19 17:31:30,552 | INFO | dart_vader | Synced command: /remind-event | application ID: 1525131195505971241
2026-09-19 17:31:30,552 | INFO | dart_vader | Synced command: /export-signups | application ID: 1525131195505971241
2026-09-19 17:31:30,553 | INFO | dart_vader | Synchronised 18 commands to development guild 499335861289091073
2026-09-19 17:31:33,048 | INFO | dart_vader | Dart Vader is online as Dart Vader#1257 (1525131195505971241)
2026-09-19 17:31:36,438 | INFO | dart_vader | Received interaction: type=InteractionType.application_command name=export-members user=613851811543122037 guild=499335861289091073
2026-09-19 17:31:36,667 | ERROR | dart_vader | Application command failed: AttributeError("'MemberRepository' object has no attribute 'database'")
Traceback (most recent call last):
  File "C:\Users\jenks\Documents\Dart Vader\venv\Lib\site-packages\discord\app_commands\commands.py", line 858, in _do_call
    return await self._callback(self.binding, interaction, **params)  # type: ignore
           ^^^^^^^^^^^^^^^^^^^^^^^^^^^^^^^^^^^^^^^^^^^^^^^^^^^^^^^^^
  File "C:\Users\jenks\Documents\Dart Vader\cogs\members.py", line 166, in export_members
    members = await self.member_service.list_members(
              ^^^^^^^^^^^^^^^^^^^^^^^^^^^^^^^^^^^^^^^
        guild_id=interaction.guild_id,
        ^^^^^^^^^^^^^^^^^^^^^^^^^^^^^^
    )
    ^
  File "C:\Users\jenks\Documents\Dart Vader\services\member_service.py", line 41, in list_members
    return await self._repository.list_by_guild(guild_id=guild_id)
           ^^^^^^^^^^^^^^^^^^^^^^^^^^^^^^^^^^^^^^^^^^^^^^^^^^^^^^^
  File "C:\Users\jenks\Documents\Dart Vader\repositories\member_repository.py", line 96, in list_by_guild
    cursor = await self.database.execute(
                   ^^^^^^^^^^^^^
AttributeError: 'MemberRepository' object has no attribute 'database'
2026-09-19 17:32:25,762 | INFO | dart_vader | Dart Vader has shut down.
2026-09-19 17:32:27,813 | INFO | dart_vader | Loaded extension: cogs.general
2026-09-19 17:32:27,817 | INFO | dart_vader | Loaded extension: cogs.admin
2026-09-19 17:32:27,819 | INFO | dart_vader | Loaded extension: cogs.members
2026-09-19 17:32:27,848 | INFO | dart_vader | Loaded extension: cogs.events
2026-09-19 17:32:28,058 | INFO | dart_vader | Synced command: /ping | application ID: 1525131195505971241
2026-09-19 17:32:28,059 | INFO | dart_vader | Synced command: /vader | application ID: 1525131195505971241
2026-09-19 17:32:28,060 | INFO | dart_vader | Synced command: /about | application ID: 1525131195505971241
2026-09-19 17:32:28,060 | INFO | dart_vader | Synced command: /shutdown | application ID: 1525131195505971241
2026-09-19 17:32:28,061 | INFO | dart_vader | Synced command: /register | application ID: 1525131195505971241
2026-09-19 17:32:28,061 | INFO | dart_vader | Synced command: /export-members | application ID: 1525131195505971241
2026-09-19 17:32:28,061 | INFO | dart_vader | Synced command: /event-signups | application ID: 1525131195505971241
2026-09-19 17:32:28,061 | INFO | dart_vader | Synced command: /events | application ID: 1525131195505971241
2026-09-19 17:32:28,061 | INFO | dart_vader | Synced command: /create-event | application ID: 1525131195505971241
2026-09-19 17:32:28,062 | INFO | dart_vader | Synced command: /edit-event | application ID: 1525131195505971241
2026-09-19 17:32:28,062 | INFO | dart_vader | Synced command: /specific-event | application ID: 1525131195505971241
2026-09-19 17:32:28,062 | INFO | dart_vader | Synced command: /delete-event | application ID: 1525131195505971241
2026-09-19 17:32:28,062 | INFO | dart_vader | Synced command: /signup-event | application ID: 1525131195505971241
2026-09-19 17:32:28,063 | INFO | dart_vader | Synced command: /withdraw-event | application ID: 1525131195505971241
2026-09-19 17:32:28,063 | INFO | dart_vader | Synced command: /register-attendance | application ID: 1525131195505971241
2026-09-19 17:32:28,063 | INFO | dart_vader | Synced command: /announce-event | application ID: 1525131195505971241
2026-09-19 17:32:28,063 | INFO | dart_vader | Synced command: /remind-event | application ID: 1525131195505971241
2026-09-19 17:32:28,063 | INFO | dart_vader | Synced command: /export-signups | application ID: 1525131195505971241
2026-09-19 17:32:28,063 | INFO | dart_vader | Synchronised 18 commands to development guild 499335861289091073
2026-09-19 17:32:30,404 | INFO | dart_vader | Dart Vader is online as Dart Vader#1257 (1525131195505971241)
2026-09-19 17:32:33,760 | INFO | dart_vader | Received interaction: type=InteractionType.application_command name=export-members user=613851811543122037 guild=499335861289091073
2026-09-19 17:32:33,984 | ERROR | dart_vader | Application command failed: NameError("name 'io' is not defined")
Traceback (most recent call last):
  File "C:\Users\jenks\Documents\Dart Vader\venv\Lib\site-packages\discord\app_commands\commands.py", line 858, in _do_call
    return await self._callback(self.binding, interaction, **params)  # type: ignore
           ^^^^^^^^^^^^^^^^^^^^^^^^^^^^^^^^^^^^^^^^^^^^^^^^^^^^^^^^^
  File "C:\Users\jenks\Documents\Dart Vader\cogs\members.py", line 188, in export_members
    data = io.BytesIO("\n".join(lines).encode("utf-8"))
           ^^
NameError: name 'io' is not defined. Did you mean: 'id'? Or did you forget to import 'io'?
2026-09-19 17:32:50,188 | INFO | dart_vader | Dart Vader has shut down.
2026-09-19 17:32:52,403 | INFO | dart_vader | Loaded extension: cogs.general
2026-09-19 17:32:52,407 | INFO | dart_vader | Loaded extension: cogs.admin
2026-09-19 17:32:52,416 | INFO | dart_vader | Loaded extension: cogs.members
2026-09-19 17:32:52,444 | INFO | dart_vader | Loaded extension: cogs.events
2026-09-19 17:33:28,093 | INFO | dart_vader | Synced command: /ping | application ID: 1525131195505971241
2026-09-19 17:33:28,095 | INFO | dart_vader | Synced command: /vader | application ID: 1525131195505971241
2026-09-19 17:33:28,096 | INFO | dart_vader | Synced command: /about | application ID: 1525131195505971241
2026-09-19 17:33:28,096 | INFO | dart_vader | Synced command: /shutdown | application ID: 1525131195505971241
2026-09-19 17:33:28,098 | INFO | dart_vader | Synced command: /register | application ID: 1525131195505971241
2026-09-19 17:33:28,098 | INFO | dart_vader | Synced command: /export-members | application ID: 1525131195505971241
2026-09-19 17:33:28,099 | INFO | dart_vader | Synced command: /event-signups | application ID: 1525131195505971241
2026-09-19 17:33:28,099 | INFO | dart_vader | Synced command: /events | application ID: 1525131195505971241
2026-09-19 17:33:28,100 | INFO | dart_vader | Synced command: /create-event | application ID: 1525131195505971241
2026-09-19 17:33:28,101 | INFO | dart_vader | Synced command: /edit-event | application ID: 1525131195505971241
2026-09-19 17:33:28,101 | INFO | dart_vader | Synced command: /specific-event | application ID: 1525131195505971241
2026-09-19 17:33:28,102 | INFO | dart_vader | Synced command: /delete-event | application ID: 1525131195505971241
2026-09-19 17:33:28,102 | INFO | dart_vader | Synced command: /signup-event | application ID: 1525131195505971241
2026-09-19 17:33:28,103 | INFO | dart_vader | Synced command: /withdraw-event | application ID: 1525131195505971241
2026-09-19 17:33:28,104 | INFO | dart_vader | Synced command: /register-attendance | application ID: 1525131195505971241
2026-09-19 17:33:28,104 | INFO | dart_vader | Synced command: /announce-event | application ID: 1525131195505971241
2026-09-19 17:33:28,105 | INFO | dart_vader | Synced command: /remind-event | application ID: 1525131195505971241
2026-09-19 17:33:28,105 | INFO | dart_vader | Synced command: /export-signups | application ID: 1525131195505971241
2026-09-19 17:33:28,106 | INFO | dart_vader | Synchronised 18 commands to development guild 499335861289091073
2026-09-19 17:33:30,509 | INFO | dart_vader | Dart Vader is online as Dart Vader#1257 (1525131195505971241)
2026-09-19 17:33:40,745 | INFO | dart_vader | Received interaction: type=InteractionType.application_command name=export-members user=613851811543122037 guild=499335861289091073
2026-09-19 18:12:18,806 | INFO | dart_vader | Received interaction: type=InteractionType.application_command name=export-members user=613851811543122037 guild=499335861289091073
2026-09-19 18:14:03,739 | INFO | dart_vader | Received interaction: type=InteractionType.application_command name=register user=210467588310958080 guild=499335861289091073
2026-09-19 18:14:10,676 | INFO | dart_vader | Received interaction: type=InteractionType.application_command name=register user=352771119008317462 guild=499335861289091073
2026-09-19 18:14:14,096 | INFO | dart_vader | Received interaction: type=InteractionType.application_command name=register user=298919123705135109 guild=499335861289091073
2026-09-19 18:14:21,451 | INFO | dart_vader | Received interaction: type=InteractionType.application_command name=register user=221205765829033984 guild=499335861289091073
2026-09-19 18:14:25,695 | INFO | dart_vader | Received interaction: type=InteractionType.application_command name=register user=336931684534452234 guild=499335861289091073
2026-09-19 18:14:40,957 | INFO | dart_vader | Received interaction: type=InteractionType.application_command name=register user=488733059705864243 guild=499335861289091073
2026-09-19 18:16:13,712 | INFO | dart_vader | Received interaction: type=InteractionType.application_command name=register user=210467588310958080 guild=499335861289091073
2026-09-19 18:18:42,838 | INFO | dart_vader | Received interaction: type=InteractionType.application_command name=register user=333641470642749440 guild=499335861289091073
2026-09-19 18:20:12,174 | INFO | dart_vader | Received interaction: type=InteractionType.application_command name=register user=336931684534452234 guild=499335861289091073
2026-09-19 18:26:40,993 | INFO | dart_vader | Received interaction: type=InteractionType.application_command name=export-members user=613851811543122037 guild=499335861289091073
2026-09-19 18:29:47,524 | INFO | dart_vader | Received interaction: type=InteractionType.application_command name=export-members user=613851811543122037 guild=499335861289091073
2026-09-19 18:30:16,736 | INFO | dart_vader | Dart Vader has shut down.
2026-09-19 18:30:19,515 | INFO | dart_vader | Loaded extension: cogs.general
2026-09-19 18:30:19,520 | INFO | dart_vader | Loaded extension: cogs.admin
2026-09-19 18:30:19,529 | ERROR | dart_vader | Failed to load extension: cogs.members
Traceback (most recent call last):
  File "C:\Users\jenks\Documents\Dart Vader\venv\Lib\site-packages\discord\ext\commands\bot.py", line 962, in _load_from_module_spec
    spec.loader.exec_module(lib)  # type: ignore
    ~~~~~~~~~~~~~~~~~~~~~~~^^^^^
  File "<frozen importlib._bootstrap_external>", line 759, in exec_module
  File "<frozen importlib._bootstrap>", line 491, in _call_with_frames_removed
  File "C:\Users\jenks\Documents\Dart Vader\cogs\members.py", line 14, in <module>
    class Members(commands.Cog):
    ...<209 lines>...
                )
  File "C:\Users\jenks\Documents\Dart Vader\cogs\members.py", line 160, in Members
    @is_admin()
     ^^^^^^^^
NameError: name 'is_admin' is not defined

The above exception was the direct cause of the following exception:

Traceback (most recent call last):
  File "C:\Users\jenks\Documents\Dart Vader\bot.py", line 83, in setup_hook
    await self.load_extension(extension)
  File "C:\Users\jenks\Documents\Dart Vader\venv\Lib\site-packages\discord\ext\commands\bot.py", line 1040, in load_extension
    await self._load_from_module_spec(spec, name)
  File "C:\Users\jenks\Documents\Dart Vader\venv\Lib\site-packages\discord\ext\commands\bot.py", line 965, in _load_from_module_spec
    raise errors.ExtensionFailed(key, e) from e
discord.ext.commands.errors.ExtensionFailed: Extension 'cogs.members' raised an error: NameError: name 'is_admin' is not defined
2026-09-19 18:30:19,539 | ERROR | dart_vader | Dart Vader stopped unexpectedly.
Traceback (most recent call last):
  File "C:\Users\jenks\Documents\Dart Vader\venv\Lib\site-packages\discord\ext\commands\bot.py", line 962, in _load_from_module_spec
    spec.loader.exec_module(lib)  # type: ignore
    ~~~~~~~~~~~~~~~~~~~~~~~^^^^^
  File "<frozen importlib._bootstrap_external>", line 759, in exec_module
  File "<frozen importlib._bootstrap>", line 491, in _call_with_frames_removed
  File "C:\Users\jenks\Documents\Dart Vader\cogs\members.py", line 14, in <module>
    class Members(commands.Cog):
    ...<209 lines>...
                )
  File "C:\Users\jenks\Documents\Dart Vader\cogs\members.py", line 160, in Members
    @is_admin()
     ^^^^^^^^
NameError: name 'is_admin' is not defined

The above exception was the direct cause of the following exception:

Traceback (most recent call last):
  File "C:\Users\jenks\Documents\Dart Vader\bot.py", line 176, in main
    await bot.start(settings.discord_token)
  File "C:\Users\jenks\Documents\Dart Vader\venv\Lib\site-packages\discord\client.py", line 850, in start
    await self.login(token)
  File "C:\Users\jenks\Documents\Dart Vader\venv\Lib\site-packages\discord\client.py", line 693, in login
    await self.setup_hook()
  File "C:\Users\jenks\Documents\Dart Vader\bot.py", line 83, in setup_hook
    await self.load_extension(extension)
  File "C:\Users\jenks\Documents\Dart Vader\venv\Lib\site-packages\discord\ext\commands\bot.py", line 1040, in load_extension
    await self._load_from_module_spec(spec, name)
  File "C:\Users\jenks\Documents\Dart Vader\venv\Lib\site-packages\discord\ext\commands\bot.py", line 965, in _load_from_module_spec
    raise errors.ExtensionFailed(key, e) from e
discord.ext.commands.errors.ExtensionFailed: Extension 'cogs.members' raised an error: NameError: name 'is_admin' is not defined
2026-09-19 18:30:19,546 | INFO | dart_vader | Dart Vader has shut down.
2026-09-19 18:30:35,522 | INFO | dart_vader | Loaded extension: cogs.general
2026-09-19 18:30:35,526 | INFO | dart_vader | Loaded extension: cogs.admin
2026-09-19 18:30:35,532 | INFO | dart_vader | Loaded extension: cogs.members
2026-09-19 18:30:35,577 | INFO | dart_vader | Loaded extension: cogs.events
2026-09-19 18:30:35,794 | INFO | dart_vader | Synced command: /ping | application ID: 1525131195505971241
2026-09-19 18:30:35,795 | INFO | dart_vader | Synced command: /vader | application ID: 1525131195505971241
2026-09-19 18:30:35,795 | INFO | dart_vader | Synced command: /about | application ID: 1525131195505971241
2026-09-19 18:30:35,795 | INFO | dart_vader | Synced command: /shutdown | application ID: 1525131195505971241
2026-09-19 18:30:35,795 | INFO | dart_vader | Synced command: /register | application ID: 1525131195505971241
2026-09-19 18:30:35,795 | INFO | dart_vader | Synced command: /export-members | application ID: 1525131195505971241
2026-09-19 18:30:35,796 | INFO | dart_vader | Synced command: /event-signups | application ID: 1525131195505971241
2026-09-19 18:30:35,796 | INFO | dart_vader | Synced command: /events | application ID: 1525131195505971241
2026-09-19 18:30:35,796 | INFO | dart_vader | Synced command: /create-event | application ID: 1525131195505971241
2026-09-19 18:30:35,796 | INFO | dart_vader | Synced command: /edit-event | application ID: 1525131195505971241
2026-09-19 18:30:35,796 | INFO | dart_vader | Synced command: /specific-event | application ID: 1525131195505971241
2026-09-19 18:30:35,797 | INFO | dart_vader | Synced command: /delete-event | application ID: 1525131195505971241
2026-09-19 18:30:35,797 | INFO | dart_vader | Synced command: /signup-event | application ID: 1525131195505971241
2026-09-19 18:30:35,797 | INFO | dart_vader | Synced command: /withdraw-event | application ID: 1525131195505971241
2026-09-19 18:30:35,797 | INFO | dart_vader | Synced command: /register-attendance | application ID: 1525131195505971241
2026-09-19 18:30:35,797 | INFO | dart_vader | Synced command: /announce-event | application ID: 1525131195505971241
2026-09-19 18:30:35,798 | INFO | dart_vader | Synced command: /remind-event | application ID: 1525131195505971241
2026-09-19 18:30:35,798 | INFO | dart_vader | Synced command: /export-signups | application ID: 1525131195505971241
2026-09-19 18:30:35,798 | INFO | dart_vader | Synchronised 18 commands to development guild 499335861289091073
2026-09-19 18:30:38,378 | INFO | dart_vader | Dart Vader is online as Dart Vader#1257 (1525131195505971241)
2026-09-19 18:31:53,786 | INFO | dart_vader | Received interaction: type=InteractionType.application_command name=vader user=613851811543122037 guild=499335861289091073
2026-09-19 18:32:10,689 | INFO | dart_vader | Received interaction: type=InteractionType.application_command name=register user=365966629391040524 guild=499335861289091073
2026-09-19 18:32:32,927 | INFO | dart_vader | Received interaction: type=InteractionType.application_command name=vader user=352771119008317462 guild=499335861289091073
2026-09-19 18:36:24,310 | INFO | dart_vader | Received interaction: type=InteractionType.application_command name=register user=828624380543369246 guild=499335861289091073
2026-09-19 18:36:32,016 | INFO | dart_vader | Received interaction: type=InteractionType.application_command name=edit-event user=613851811543122037 guild=499335861289091073
2026-09-19 18:37:38,166 | ERROR | dart_vader | Application command failed: TypeError("'<=' not supported between instances of 'str' and 'int'")
Traceback (most recent call last):
  File "C:\Users\jenks\Documents\Dart Vader\venv\Lib\site-packages\discord\app_commands\commands.py", line 858, in _do_call
    return await self._callback(self.binding, interaction, **params)  # type: ignore
           ^^^^^^^^^^^^^^^^^^^^^^^^^^^^^^^^^^^^^^^^^^^^^^^^^^^^^^^^^
  File "C:\Users\jenks\Documents\Dart Vader\cogs\events.py", line 410, in edit_event
    event = await self.event_service.edit_event(
            ^^^^^^^^^^^^^^^^^^^^^^^^^^^^^^^^^^^^
    ...<9 lines>...
    )
    ^
  File "C:\Users\jenks\Documents\Dart Vader\services\event_service.py", line 84, in edit_event
    if event_id <= 0:
       ^^^^^^^^^^^^^
TypeError: '<=' not supported between instances of 'str' and 'int'
2026-09-19 18:37:38,168 | INFO | dart_vader | Received interaction: type=InteractionType.application_command name=edit-event user=613851811543122037 guild=499335861289091073
2026-09-19 18:38:55,846 | INFO | dart_vader | Dart Vader has shut down.
2026-09-19 18:38:59,066 | INFO | dart_vader | Loaded extension: cogs.general
2026-09-19 18:38:59,072 | INFO | dart_vader | Loaded extension: cogs.admin
2026-09-19 18:38:59,075 | INFO | dart_vader | Loaded extension: cogs.members
2026-09-19 18:38:59,105 | INFO | dart_vader | Loaded extension: cogs.events
2026-09-19 18:38:59,359 | INFO | dart_vader | Synced command: /ping | application ID: 1525131195505971241
2026-09-19 18:38:59,360 | INFO | dart_vader | Synced command: /vader | application ID: 1525131195505971241
2026-09-19 18:38:59,360 | INFO | dart_vader | Synced command: /about | application ID: 1525131195505971241
2026-09-19 18:38:59,361 | INFO | dart_vader | Synced command: /shutdown | application ID: 1525131195505971241
2026-09-19 18:38:59,362 | INFO | dart_vader | Synced command: /register | application ID: 1525131195505971241
2026-09-19 18:38:59,363 | INFO | dart_vader | Synced command: /export-members | application ID: 1525131195505971241
2026-09-19 18:38:59,363 | INFO | dart_vader | Synced command: /event-signups | application ID: 1525131195505971241
2026-09-19 18:38:59,364 | INFO | dart_vader | Synced command: /events | application ID: 1525131195505971241
2026-09-19 18:38:59,365 | INFO | dart_vader | Synced command: /create-event | application ID: 1525131195505971241
2026-09-19 18:38:59,365 | INFO | dart_vader | Synced command: /edit-event | application ID: 1525131195505971241
2026-09-19 18:38:59,366 | INFO | dart_vader | Synced command: /specific-event | application ID: 1525131195505971241
2026-09-19 18:38:59,366 | INFO | dart_vader | Synced command: /delete-event | application ID: 1525131195505971241
2026-09-19 18:38:59,367 | INFO | dart_vader | Synced command: /signup-event | application ID: 1525131195505971241
2026-09-19 18:38:59,368 | INFO | dart_vader | Synced command: /withdraw-event | application ID: 1525131195505971241
2026-09-19 18:38:59,368 | INFO | dart_vader | Synced command: /register-attendance | application ID: 1525131195505971241
2026-09-19 18:38:59,369 | INFO | dart_vader | Synced command: /announce-event | application ID: 1525131195505971241
2026-09-19 18:38:59,369 | INFO | dart_vader | Synced command: /remind-event | application ID: 1525131195505971241
2026-09-19 18:38:59,370 | INFO | dart_vader | Synced command: /export-signups | application ID: 1525131195505971241
2026-09-19 18:38:59,370 | INFO | dart_vader | Synchronised 18 commands to development guild 499335861289091073
2026-09-19 18:39:01,853 | INFO | dart_vader | Dart Vader is online as Dart Vader#1257 (1525131195505971241)
2026-09-19 18:39:05,590 | INFO | dart_vader | Received interaction: type=InteractionType.application_command name=edit-event user=613851811543122037 guild=499335861289091073
2026-09-19 18:39:05,591 | ERROR | dart_vader | Application command failed: AttributeError("'Event' object has no attribute 'id'")
Traceback (most recent call last):
  File "C:\Users\jenks\Documents\Dart Vader\venv\Lib\site-packages\discord\app_commands\commands.py", line 858, in _do_call
    return await self._callback(self.binding, interaction, **params)  # type: ignore
           ^^^^^^^^^^^^^^^^^^^^^^^^^^^^^^^^^^^^^^^^^^^^^^^^^^^^^^^^^
  File "C:\Users\jenks\Documents\Dart Vader\cogs\events.py", line 410, in edit_event
    event = await self.event_service.edit_event(
            ^^^^^^^^^^^^^^^^^^^^^^^^^^^^^^^^^^^^
    ...<9 lines>...
    )
    ^
  File "C:\Users\jenks\Documents\Dart Vader\services\event_service.py", line 167, in edit_event
    id=event.id,
       ^^^^^^^^
AttributeError: 'Event' object has no attribute 'id'
2026-09-19 18:39:31,978 | INFO | dart_vader | Dart Vader has shut down.
2026-09-19 18:39:34,560 | INFO | dart_vader | Loaded extension: cogs.general
2026-09-19 18:39:34,564 | INFO | dart_vader | Loaded extension: cogs.admin
2026-09-19 18:39:34,566 | INFO | dart_vader | Loaded extension: cogs.members
2026-09-19 18:39:34,605 | INFO | dart_vader | Loaded extension: cogs.events
2026-09-19 18:39:34,801 | INFO | dart_vader | Synced command: /ping | application ID: 1525131195505971241
2026-09-19 18:39:34,801 | INFO | dart_vader | Synced command: /vader | application ID: 1525131195505971241
2026-09-19 18:39:34,801 | INFO | dart_vader | Synced command: /about | application ID: 1525131195505971241
2026-09-19 18:39:34,802 | INFO | dart_vader | Synced command: /shutdown | application ID: 1525131195505971241
2026-09-19 18:39:34,802 | INFO | dart_vader | Synced command: /register | application ID: 1525131195505971241
2026-09-19 18:39:34,802 | INFO | dart_vader | Synced command: /export-members | application ID: 1525131195505971241
2026-09-19 18:39:34,802 | INFO | dart_vader | Synced command: /event-signups | application ID: 1525131195505971241
2026-09-19 18:39:34,802 | INFO | dart_vader | Synced command: /events | application ID: 1525131195505971241
2026-09-19 18:39:34,803 | INFO | dart_vader | Synced command: /create-event | application ID: 1525131195505971241
2026-09-19 18:39:34,803 | INFO | dart_vader | Synced command: /edit-event | application ID: 1525131195505971241
2026-09-19 18:39:34,804 | INFO | dart_vader | Synced command: /specific-event | application ID: 1525131195505971241
2026-09-19 18:39:34,804 | INFO | dart_vader | Synced command: /delete-event | application ID: 1525131195505971241
2026-09-19 18:39:34,804 | INFO | dart_vader | Synced command: /signup-event | application ID: 1525131195505971241
2026-09-19 18:39:34,804 | INFO | dart_vader | Synced command: /withdraw-event | application ID: 1525131195505971241
2026-09-19 18:39:34,804 | INFO | dart_vader | Synced command: /register-attendance | application ID: 1525131195505971241
2026-09-19 18:39:34,804 | INFO | dart_vader | Synced command: /announce-event | application ID: 1525131195505971241
2026-09-19 18:39:34,805 | INFO | dart_vader | Synced command: /remind-event | application ID: 1525131195505971241
2026-09-19 18:39:34,805 | INFO | dart_vader | Synced command: /export-signups | application ID: 1525131195505971241
2026-09-19 18:39:34,805 | INFO | dart_vader | Synchronised 18 commands to development guild 499335861289091073
2026-09-19 18:39:37,323 | INFO | dart_vader | Dart Vader is online as Dart Vader#1257 (1525131195505971241)
2026-09-19 18:39:40,161 | INFO | dart_vader | Received interaction: type=InteractionType.application_command name=edit-event user=613851811543122037 guild=499335861289091073
2026-09-19 18:39:40,347 | ERROR | dart_vader | Application command failed: TypeError("Event.__init__() missing 1 required positional argument: 'event_id'")
Traceback (most recent call last):
  File "C:\Users\jenks\Documents\Dart Vader\venv\Lib\site-packages\discord\app_commands\commands.py", line 858, in _do_call
    return await self._callback(self.binding, interaction, **params)  # type: ignore
           ^^^^^^^^^^^^^^^^^^^^^^^^^^^^^^^^^^^^^^^^^^^^^^^^^^^^^^^^^
  File "C:\Users\jenks\Documents\Dart Vader\cogs\events.py", line 410, in edit_event
    event = await self.event_service.edit_event(
            ^^^^^^^^^^^^^^^^^^^^^^^^^^^^^^^^^^^^
    ...<9 lines>...
    )
    ^
  File "C:\Users\jenks\Documents\Dart Vader\services\event_service.py", line 166, in edit_event
    updated_event = Event(
        guild_id=event.guild_id,
    ...<10 lines>...
        updated_at=event.updated_at,
    )
TypeError: Event.__init__() missing 1 required positional argument: 'event_id'
2026-09-19 18:40:15,190 | INFO | dart_vader | Dart Vader has shut down.
2026-09-19 18:40:17,098 | INFO | dart_vader | Loaded extension: cogs.general
2026-09-19 18:40:17,102 | INFO | dart_vader | Loaded extension: cogs.admin
2026-09-19 18:40:17,105 | INFO | dart_vader | Loaded extension: cogs.members
2026-09-19 18:40:17,150 | INFO | dart_vader | Loaded extension: cogs.events
2026-09-19 18:40:17,386 | INFO | dart_vader | Synced command: /ping | application ID: 1525131195505971241
2026-09-19 18:40:17,387 | INFO | dart_vader | Synced command: /vader | application ID: 1525131195505971241
2026-09-19 18:40:17,388 | INFO | dart_vader | Synced command: /about | application ID: 1525131195505971241
2026-09-19 18:40:17,388 | INFO | dart_vader | Synced command: /shutdown | application ID: 1525131195505971241
2026-09-19 18:40:17,389 | INFO | dart_vader | Synced command: /register | application ID: 1525131195505971241
2026-09-19 18:40:17,390 | INFO | dart_vader | Synced command: /export-members | application ID: 1525131195505971241
2026-09-19 18:40:17,391 | INFO | dart_vader | Synced command: /event-signups | application ID: 1525131195505971241
2026-09-19 18:40:17,392 | INFO | dart_vader | Synced command: /events | application ID: 1525131195505971241
2026-09-19 18:40:17,392 | INFO | dart_vader | Synced command: /create-event | application ID: 1525131195505971241
2026-09-19 18:40:17,393 | INFO | dart_vader | Synced command: /edit-event | application ID: 1525131195505971241
2026-09-19 18:40:17,394 | INFO | dart_vader | Synced command: /specific-event | application ID: 1525131195505971241
2026-09-19 18:40:17,394 | INFO | dart_vader | Synced command: /delete-event | application ID: 1525131195505971241
2026-09-19 18:40:17,395 | INFO | dart_vader | Synced command: /signup-event | application ID: 1525131195505971241
2026-09-19 18:40:17,395 | INFO | dart_vader | Synced command: /withdraw-event | application ID: 1525131195505971241
2026-09-19 18:40:17,396 | INFO | dart_vader | Synced command: /register-attendance | application ID: 1525131195505971241
2026-09-19 18:40:17,396 | INFO | dart_vader | Synced command: /announce-event | application ID: 1525131195505971241
2026-09-19 18:40:17,397 | INFO | dart_vader | Synced command: /remind-event | application ID: 1525131195505971241
2026-09-19 18:40:17,397 | INFO | dart_vader | Synced command: /export-signups | application ID: 1525131195505971241
2026-09-19 18:40:17,398 | INFO | dart_vader | Synchronised 18 commands to development guild 499335861289091073
2026-09-19 18:40:19,857 | INFO | dart_vader | Dart Vader is online as Dart Vader#1257 (1525131195505971241)
2026-09-19 18:40:23,204 | INFO | dart_vader | Received interaction: type=InteractionType.application_command name=edit-event user=613851811543122037 guild=499335861289091073
2026-09-19 18:40:23,325 | ERROR | dart_vader | Application command failed: TypeError("Event.__init__() missing 1 required positional argument: 'event_id'")
Traceback (most recent call last):
  File "C:\Users\jenks\Documents\Dart Vader\venv\Lib\site-packages\discord\app_commands\commands.py", line 858, in _do_call
    return await self._callback(self.binding, interaction, **params)  # type: ignore
           ^^^^^^^^^^^^^^^^^^^^^^^^^^^^^^^^^^^^^^^^^^^^^^^^^^^^^^^^^
  File "C:\Users\jenks\Documents\Dart Vader\cogs\events.py", line 410, in edit_event
    event = await self.event_service.edit_event(
            ^^^^^^^^^^^^^^^^^^^^^^^^^^^^^^^^^^^^
    ...<9 lines>...
    )
    ^
  File "C:\Users\jenks\Documents\Dart Vader\services\event_service.py", line 166, in edit_event
    updated_event = Event(
        guild_id=event.guild_id,
    ...<10 lines>...
        updated_at=event.updated_at,
    )
TypeError: Event.__init__() missing 1 required positional argument: 'event_id'
2026-09-19 18:41:20,391 | INFO | dart_vader | Dart Vader has shut down.
2026-09-19 18:41:22,587 | INFO | dart_vader | Loaded extension: cogs.general
2026-09-19 18:41:22,592 | INFO | dart_vader | Loaded extension: cogs.admin
2026-09-19 18:41:22,596 | INFO | dart_vader | Loaded extension: cogs.members
2026-09-19 18:41:22,636 | INFO | dart_vader | Loaded extension: cogs.events
2026-09-19 18:41:22,850 | INFO | dart_vader | Synced command: /ping | application ID: 1525131195505971241
2026-09-19 18:41:22,850 | INFO | dart_vader | Synced command: /vader | application ID: 1525131195505971241
2026-09-19 18:41:22,851 | INFO | dart_vader | Synced command: /about | application ID: 1525131195505971241
2026-09-19 18:41:22,851 | INFO | dart_vader | Synced command: /shutdown | application ID: 1525131195505971241
2026-09-19 18:41:22,851 | INFO | dart_vader | Synced command: /register | application ID: 1525131195505971241
2026-09-19 18:41:22,852 | INFO | dart_vader | Synced command: /export-members | application ID: 1525131195505971241
2026-09-19 18:41:22,852 | INFO | dart_vader | Synced command: /event-signups | application ID: 1525131195505971241
2026-09-19 18:41:22,852 | INFO | dart_vader | Synced command: /events | application ID: 1525131195505971241
2026-09-19 18:41:22,852 | INFO | dart_vader | Synced command: /create-event | application ID: 1525131195505971241
2026-09-19 18:41:22,853 | INFO | dart_vader | Synced command: /edit-event | application ID: 1525131195505971241
2026-09-19 18:41:22,853 | INFO | dart_vader | Synced command: /specific-event | application ID: 1525131195505971241
2026-09-19 18:41:22,853 | INFO | dart_vader | Synced command: /delete-event | application ID: 1525131195505971241
2026-09-19 18:41:22,853 | INFO | dart_vader | Synced command: /signup-event | application ID: 1525131195505971241
2026-09-19 18:41:22,854 | INFO | dart_vader | Synced command: /withdraw-event | application ID: 1525131195505971241
2026-09-19 18:41:22,856 | INFO | dart_vader | Synced command: /register-attendance | application ID: 1525131195505971241
2026-09-19 18:41:22,856 | INFO | dart_vader | Synced command: /announce-event | application ID: 1525131195505971241
2026-09-19 18:41:22,857 | INFO | dart_vader | Synced command: /remind-event | application ID: 1525131195505971241
2026-09-19 18:41:22,858 | INFO | dart_vader | Synced command: /export-signups | application ID: 1525131195505971241
2026-09-19 18:41:22,859 | INFO | dart_vader | Synchronised 18 commands to development guild 499335861289091073
2026-09-19 18:41:25,423 | INFO | dart_vader | Dart Vader is online as Dart Vader#1257 (1525131195505971241)
2026-09-19 18:41:46,306 | INFO | dart_vader | Received interaction: type=InteractionType.application_command name=edit-event user=613851811543122037 guild=499335861289091073
2026-09-19 18:41:46,308 | ERROR | dart_vader | Application command failed: AttributeError("'Event' object has no attribute 'event_idid'")
Traceback (most recent call last):
  File "C:\Users\jenks\Documents\Dart Vader\venv\Lib\site-packages\discord\app_commands\commands.py", line 858, in _do_call
    return await self._callback(self.binding, interaction, **params)  # type: ignore
           ^^^^^^^^^^^^^^^^^^^^^^^^^^^^^^^^^^^^^^^^^^^^^^^^^^^^^^^^^
  File "C:\Users\jenks\Documents\Dart Vader\cogs\events.py", line 410, in edit_event
    event = await self.event_service.edit_event(
            ^^^^^^^^^^^^^^^^^^^^^^^^^^^^^^^^^^^^
    ...<9 lines>...
    )
    ^
  File "C:\Users\jenks\Documents\Dart Vader\services\event_service.py", line 182, in edit_event
    return await self.repository.update(
           ^^^^^^^^^^^^^^^^^^^^^^^^^^^^^
        event=updated_event,
        ^^^^^^^^^^^^^^^^^^^^
    )
    ^
  File "C:\Users\jenks\Documents\Dart Vader\repositories\event_repository.py", line 420, in update
    event.event_idid,
    ^^^^^^^^^^^^^^^^
AttributeError: 'Event' object has no attribute 'event_idid'. Did you mean: 'event_id'?
2026-09-19 18:42:16,863 | INFO | dart_vader | Dart Vader has shut down.
2026-09-19 18:42:20,049 | INFO | dart_vader | Loaded extension: cogs.general
2026-09-19 18:42:20,052 | INFO | dart_vader | Loaded extension: cogs.admin
2026-09-19 18:42:20,055 | INFO | dart_vader | Loaded extension: cogs.members
2026-09-19 18:42:20,082 | INFO | dart_vader | Loaded extension: cogs.events
2026-09-19 18:42:20,476 | INFO | dart_vader | Synced command: /ping | application ID: 1525131195505971241
2026-09-19 18:42:20,477 | INFO | dart_vader | Synced command: /vader | application ID: 1525131195505971241
2026-09-19 18:42:20,477 | INFO | dart_vader | Synced command: /about | application ID: 1525131195505971241
2026-09-19 18:42:20,477 | INFO | dart_vader | Synced command: /shutdown | application ID: 1525131195505971241
2026-09-19 18:42:20,478 | INFO | dart_vader | Synced command: /register | application ID: 1525131195505971241
2026-09-19 18:42:20,478 | INFO | dart_vader | Synced command: /export-members | application ID: 1525131195505971241
2026-09-19 18:42:20,478 | INFO | dart_vader | Synced command: /event-signups | application ID: 1525131195505971241
2026-09-19 18:42:20,479 | INFO | dart_vader | Synced command: /events | application ID: 1525131195505971241
2026-09-19 18:42:20,479 | INFO | dart_vader | Synced command: /create-event | application ID: 1525131195505971241
2026-09-19 18:42:20,479 | INFO | dart_vader | Synced command: /edit-event | application ID: 1525131195505971241
2026-09-19 18:42:20,479 | INFO | dart_vader | Synced command: /specific-event | application ID: 1525131195505971241
2026-09-19 18:42:20,479 | INFO | dart_vader | Synced command: /delete-event | application ID: 1525131195505971241
2026-09-19 18:42:20,480 | INFO | dart_vader | Synced command: /signup-event | application ID: 1525131195505971241
2026-09-19 18:42:20,480 | INFO | dart_vader | Synced command: /withdraw-event | application ID: 1525131195505971241
2026-09-19 18:42:20,480 | INFO | dart_vader | Synced command: /register-attendance | application ID: 1525131195505971241
2026-09-19 18:42:20,480 | INFO | dart_vader | Synced command: /announce-event | application ID: 1525131195505971241
2026-09-19 18:42:20,480 | INFO | dart_vader | Synced command: /remind-event | application ID: 1525131195505971241
2026-09-19 18:42:20,480 | INFO | dart_vader | Synced command: /export-signups | application ID: 1525131195505971241
2026-09-19 18:42:20,480 | INFO | dart_vader | Synchronised 18 commands to development guild 499335861289091073
2026-09-19 18:42:23,032 | INFO | dart_vader | Dart Vader is online as Dart Vader#1257 (1525131195505971241)
2026-09-19 18:42:26,983 | INFO | dart_vader | Received interaction: type=InteractionType.application_command name=edit-event user=613851811543122037 guild=499335861289091073
2026-09-19 18:42:35,432 | INFO | dart_vader | Received interaction: type=InteractionType.application_command name=events user=613851811543122037 guild=499335861289091073
2026-09-19 18:43:31,870 | INFO | dart_vader | Received interaction: type=InteractionType.application_command name=create-event user=613851811543122037 guild=499335861289091073
2026-09-19 18:44:57,964 | INFO | dart_vader | Received interaction: type=InteractionType.application_command name=create-event user=613851811543122037 guild=499335861289091073
2026-09-19 18:46:29,196 | INFO | dart_vader | Received interaction: type=InteractionType.application_command name=create-event user=613851811543122037 guild=499335861289091073
2026-09-19 18:50:33,081 | INFO | dart_vader | Received interaction: type=InteractionType.application_command name=create-event user=613851811543122037 guild=499335861289091073
2026-09-19 18:51:17,692 | INFO | dart_vader | Received interaction: type=InteractionType.application_command name=create-event user=613851811543122037 guild=499335861289091073
2026-09-19 19:21:21,915 | INFO | dart_vader | Received interaction: type=InteractionType.application_command name=register user=690587621948260432 guild=499335861289091073
2026-09-19 21:38:14,263 | INFO | dart_vader | Received interaction: type=InteractionType.application_command name=register user=588479197282959360 guild=499335861289091073
2026-09-19 21:42:02,193 | INFO | dart_vader | Received interaction: type=InteractionType.application_command name=register user=588479197282959360 guild=499335861289091073
2026-09-19 21:42:05,619 | INFO | dart_vader | Received interaction: type=InteractionType.application_command name=register user=560509176669798440 guild=499335861289091073
2026-09-20 14:55:20,994 | INFO | dart_vader | Received interaction: type=InteractionType.application_command name=register user=1078131465621078098 guild=499335861289091073
2026-09-21 09:54:02,579 | INFO | dart_vader | Received interaction: type=InteractionType.application_command name=register user=260125086911168522 guild=499335861289091073
2026-09-21 10:52:28,065 | INFO | dart_vader | Received interaction: type=InteractionType.application_command name=export-members user=613851811543122037 guild=499335861289091073
2026-09-21 11:03:28,156 | INFO | dart_vader | Received interaction: type=InteractionType.application_command name=events user=613851811543122037 guild=499335861289091073
2026-09-22 12:52:45,807 | INFO | dart_vader | Received interaction: type=InteractionType.application_command name=register user=809940222040604693 guild=499335861289091073
2026-09-22 14:55:31,293 | INFO | dart_vader | Ping command used by user 613851811543122037 in guild 499335861289091073
2026-09-22 14:55:31,310 | INFO | dart_vader | Received interaction: type=InteractionType.application_command name=ping user=613851811543122037 guild=499335861289091073
2026-09-22 15:58:16,213 | INFO | dart_vader | Received interaction: type=InteractionType.application_command name=register user=734082611785498664 guild=499335861289091073
2026-09-22 16:01:39,667 | INFO | dart_vader | Received interaction: type=InteractionType.application_command name=export-members user=613851811543122037 guild=499335861289091073
2026-09-22 16:17:19,780 | INFO | dart_vader | Received interaction: type=InteractionType.application_command name=export-members user=613851811543122037 guild=499335861289091073
2026-09-22 16:17:38,008 | INFO | dart_vader | Received interaction: type=InteractionType.application_command name=register user=1547596884552454204 guild=499335861289091073
2026-09-22 16:17:53,745 | INFO | dart_vader | Received interaction: type=InteractionType.application_command name=export-members user=613851811543122037 guild=499335861289091073
2026-09-22 16:18:05,517 | INFO | dart_vader | Received interaction: type=InteractionType.application_command name=register user=1547596884552454204 guild=499335861289091073
2026-09-22 16:18:22,850 | INFO | dart_vader | Received interaction: type=InteractionType.application_command name=about user=1547596884552454204 guild=499335861289091073
2026-09-22 16:36:55,644 | INFO | dart_vader | Received interaction: type=InteractionType.application_command name=announce-event user=613851811543122037 guild=499335861289091073
2026-09-22 16:37:45,835 | INFO | dart_vader | Received interaction: type=InteractionType.application_command name=signup-event user=298919123705135109 guild=499335861289091073
2026-09-22 16:38:57,806 | INFO | dart_vader | Received interaction: type=InteractionType.application_command name=signup-event user=588479197282959360 guild=499335861289091073
2026-09-22 16:41:05,260 | INFO | dart_vader | Received interaction: type=InteractionType.application_command name=signup-event user=260125086911168522 guild=499335861289091073
2026-09-22 17:21:53,978 | INFO | dart_vader | Received interaction: type=InteractionType.application_command name=register user=1268518819790327880 guild=499335861289091073
2026-09-22 17:24:26,166 | INFO | dart_vader | Received interaction: type=InteractionType.application_command name=register user=967847324451749889 guild=499335861289091073
2026-09-22 18:16:17,814 | INFO | dart_vader | Received interaction: type=InteractionType.application_command name=register user=1408165877538623575 guild=499335861289091073
2026-09-22 20:06:19,159 | INFO | dart_vader | Received interaction: type=InteractionType.application_command name=signup-event user=336931684534452234 guild=499335861289091073
2026-09-22 23:35:12,998 | INFO | dart_vader | Received interaction: type=InteractionType.application_command name=export-members user=613851811543122037 guild=499335861289091073
2026-09-23 09:50:29,668 | INFO | dart_vader | Received interaction: type=InteractionType.application_command name=event-signups user=613851811543122037 guild=499335861289091073
2026-09-23 10:44:32,279 | INFO | dart_vader | Received interaction: type=InteractionType.application_command name=event-signups user=613851811543122037 guild=499335861289091073
2026-09-23 10:44:42,882 | INFO | dart_vader | Received interaction: type=InteractionType.application_command name=event-signups user=613851811543122037 guild=499335861289091073
2026-09-23 13:02:11,953 | INFO | dart_vader | Received interaction: type=InteractionType.application_command name=register user=228906063397781504 guild=499335861289091073
2026-09-23 17:27:31,682 | INFO | dart_vader | Received interaction: type=InteractionType.application_command name=events user=613851811543122037 guild=499335861289091073
2026-09-23 17:28:06,972 | INFO | dart_vader | Received interaction: type=InteractionType.application_command name=announce-event user=613851811543122037 guild=499335861289091073
2026-09-23 18:23:10,219 | INFO | dart_vader | Received interaction: type=InteractionType.application_command name=about user=1547596884552454204 guild=499335861289091073
2026-09-23 18:28:39,034 | INFO | dart_vader | Received interaction: type=InteractionType.application_command name=export-members user=613851811543122037 guild=499335861289091073
2026-09-24 00:26:25,416 | INFO | dart_vader | Loaded extension: cogs.general
2026-09-24 00:26:25,424 | INFO | dart_vader | Loaded extension: cogs.admin
2026-09-24 00:26:25,435 | INFO | dart_vader | Loaded extension: cogs.members
2026-09-24 00:26:25,481 | INFO | dart_vader | Loaded extension: cogs.events
2026-09-24 00:26:25,665 | INFO | dart_vader | Synced command: /ping | application ID: 1525131195505971241
2026-09-24 00:26:25,666 | INFO | dart_vader | Synced command: /vader | application ID: 1525131195505971241
2026-09-24 00:26:25,667 | INFO | dart_vader | Synced command: /about | application ID: 1525131195505971241
2026-09-24 00:26:25,667 | INFO | dart_vader | Synced command: /shutdown | application ID: 1525131195505971241
2026-09-24 00:26:25,667 | INFO | dart_vader | Synced command: /register | application ID: 1525131195505971241
2026-09-24 00:26:25,668 | INFO | dart_vader | Synced command: /export-members | application ID: 1525131195505971241
2026-09-24 00:26:25,668 | INFO | dart_vader | Synced command: /event-signups | application ID: 1525131195505971241
2026-09-24 00:26:25,668 | INFO | dart_vader | Synced command: /events | application ID: 1525131195505971241
2026-09-24 00:26:25,669 | INFO | dart_vader | Synced command: /create-event | application ID: 1525131195505971241
2026-09-24 00:26:25,669 | INFO | dart_vader | Synced command: /edit-event | application ID: 1525131195505971241
2026-09-24 00:26:25,669 | INFO | dart_vader | Synced command: /specific-event | application ID: 1525131195505971241
2026-09-24 00:26:25,669 | INFO | dart_vader | Synced command: /delete-event | application ID: 1525131195505971241
2026-09-24 00:26:25,670 | INFO | dart_vader | Synced command: /signup-event | application ID: 1525131195505971241
2026-09-24 00:26:25,670 | INFO | dart_vader | Synced command: /withdraw-event | application ID: 1525131195505971241
2026-09-24 00:26:25,670 | INFO | dart_vader | Synced command: /register-attendance | application ID: 1525131195505971241
2026-09-24 00:26:25,670 | INFO | dart_vader | Synced command: /announce-event | application ID: 1525131195505971241
2026-09-24 00:26:25,671 | INFO | dart_vader | Synced command: /remind-event | application ID: 1525131195505971241
2026-09-24 00:26:25,671 | INFO | dart_vader | Synced command: /export-signups | application ID: 1525131195505971241
2026-09-24 00:26:25,671 | INFO | dart_vader | Synchronised 18 commands to development guild 499335861289091073
2026-09-24 00:26:28,199 | INFO | dart_vader | Dart Vader is online as Dart Vader#1257 (1525131195505971241)
2026-09-24 00:27:32,169 | INFO | dart_vader | Received interaction: type=InteractionType.application_command name=export-members user=613851811543122037 guild=499335861289091073
